,title,show_links
0,Tandav,https://www.primevideo.com/detail/0TIXTH4G4FJBGABFDCLUEF1OU7/ref=atv_br_def_r_br_c_unkc_1_1
1,Young Sheldon,https://www.primevideo.com/detail/0GZ3PPHR3O26RMJMI37DPHKUUP/ref=atv_br_def_r_br_c_unkc_1_2
2,The Wilds,https://www.primevideo.com/detail/0JXO0Y1EY6YW6RWRI3989XLG2B/ref=atv_br_def_r_br_c_unkc_1_3
3,The Boys,https://www.primevideo.com/detail/0KRGHGZCHKS920ZQGY5LBRF7MA/ref=atv_br_def_r_br_c_unkc_1_4
4,Mirzapur,https://www.primevideo.com/detail/0FBF7DWFYG99Y3TSNVJ4ELOLBO/ref=atv_br_def_r_br_c_unkc_1_5
5,Bandish Bandits,https://www.primevideo.com/detail/0GZ3CSDRPF7ZJ8E9ORRVO8NWRS/ref=atv_br_def_r_br_c_unkc_1_6
6,Breathe: Into the Shadows,https://www.primevideo.com/detail/0TRG6QSFTYWRDB885FMYJOJO9X/ref=atv_br_def_r_br_c_unkc_1_7
7,Rasbhari,https://www.primevideo.com/detail/0IR0KJK3V5E5G74K10N186O0B7/ref=atv_br_def_r_br_c_unkc_1_8
8,Sons of the Soil : Jaipur Pink Panthers,https://www.primevideo.com/detail/0GUU4VGLOZ3OE6MS9N847MIZOV/ref=atv_br_def_r_br_c_unkc_1_9
9,Four More Shots Please!,https://www.primevideo.com/detail/0HG4U1J3UNT1TY6V7J5LOUYXXV/ref=atv_br_def_r_br_c_unkc_1_10
10,The Test: A New Era for Australia's Team,https://www.primevideo.com/detail/0HG4RDTNBLYI6CEF2HNSHA9O67/ref=atv_br_def_r_br_c_unkc_1_11
11,Panchayat,https://www.primevideo.com/detail/0KEP4A6DWRKFYQFTSU5RXHEAN2/ref=atv_br_def_r_br_c_unkc_1_12
12,The Expanse,https://www.primevideo.com/detail/0OBDSPAICFE4VNWZNFPW2I8TYU/ref=atv_br_def_r_br_c_unkc_1_13
13,ZeroZeroZero,https://www.primevideo.com/detail/0G59JVC7BBHVXNV275INKPYE0K/ref=atv_br_def_r_br_c_unkc_1_14
14,The Family Man,https://www.primevideo.com/detail/0S3QYI59BAEI5KVLHCKSR91YGD/ref=atv_br_def_r_br_c_unkc_1_15
15,The Forgotten Army - Azaadi Ke Liye,https://www.primevideo.com/detail/0NLS2PB87FWDT7STVNQKBEPTHD/ref=atv_br_def_r_br_c_unkc_1_16
16,Breathe,https://www.primevideo.com/detail/0LPIP7N3YF6AF0641BL3I71ULB/ref=atv_br_def_r_br_c_unkc_1_17
17,Comicstaan,https://www.primevideo.com/detail/0OBC99MD8JANVN4AERWUJ4LJ13/ref=atv_br_def_r_br_c_unkc_1_18
18,Hostel Daze,https://www.primevideo.com/detail/0JXMZ6NEU5AKLG06AD46X9OVER/ref=atv_br_def_r_br_c_unkc_1_19
19,Made In Heaven,https://www.primevideo.com/detail/0JP36WERGLAJLNET3SZS9XTXJ1/ref=atv_br_def_r_br_c_unkc_1_20
20,Mr. Bean,https://www.primevideo.com/detail/0H3A0XW2NW9GL1O2Q3Y0J0MI8Q/ref=atv_br_def_r_br_c_lAPtVnsmr_1_21
21,Masters Of Sex,https://www.primevideo.com/detail/0G0YLCBEUF06G32RVUOI7UUN29/ref=atv_br_def_r_br_c_lAPtVnsmr_1_22
22,The Good Doctor,https://www.primevideo.com/detail/0I9YHY8ASOPII4U37O19K69TS3/ref=atv_br_def_r_br_c_lAPtVnsmr_1_23
23,Inside Edge,https://www.primevideo.com/detail/0I9YLWS0P4S7SO19W29Q3TMLA2/ref=atv_br_def_r_br_c_lAPtVnsmr_1_24
24,The Vampire Diaries,https://www.primevideo.com/detail/0HOK2IOF5E6RFUO8LL6L4LAW3W/ref=atv_br_def_r_br_c_lAPtVnsmr_1_25
25,EL CID,https://www.primevideo.com/detail/0I5Q8QL6W30GCR4RIGJWUELNG1/ref=atv_br_def_r_br_c_lAPtVnsmr_1_26
26,The Big Bang Theory,https://www.primevideo.com/detail/0O71IX5EUTTAYSGMEG6TAM9DYN/ref=atv_br_def_r_br_c_lAPtVnsmr_1_27
27,The Office,https://www.primevideo.com/detail/0LCQFZX6MGE8ZVXCHJBZLS1N8A/ref=atv_br_def_r_br_c_lAPtVnsmr_1_28
28,Pushpavalli,https://www.primevideo.com/detail/0OO5DUWNOU8RTY28SFYCQQSWQG/ref=atv_br_def_r_br_c_lAPtVnsmr_1_29
29,Tom Clancy's Jack Ryan,https://www.primevideo.com/detail/0GDOSMXQWN8COANTIN8SX9I5C2/ref=atv_br_def_r_br_c_lAPtVnsmr_1_30
30,Amazon Funnies – 10 Minute Stand-ups,https://www.primevideo.com/detail/0OO5U9371ZIIAKLN6HPZRTG1OO/ref=atv_br_def_r_br_c_lAPtVnsmr_1_31
31,Time Enna Boss,https://www.primevideo.com/detail/0PDQ0DDYXGJLKGIHVIECUV7XIZ/ref=atv_br_def_r_br_c_lAPtVnsmr_1_32
32,Chacha Vidhayak Hain Humare,https://www.primevideo.com/detail/0Q38TJZW8RP0DODBIFC6VSDCQ3/ref=atv_br_def_r_br_c_lAPtVnsmr_1_33
33,The Mentalist,https://www.primevideo.com/detail/0FJTYK2JJYPK3ZA10FUT08RXXI/ref=atv_br_def_r_br_c_lAPtVnsmr_1_34
34,Yearly Departed,https://www.primevideo.com/detail/0GUUCIMG4NHR62TIO5PMLJOOZ0/ref=atv_br_def_r_br_c_lAPtVnsmr_1_35
35,Modern Love,https://www.primevideo.com/detail/0KVQAAI5LR5DXQUXVFX8UZPCO4/ref=atv_br_def_r_br_c_lAPtVnsmr_1_36
36,American Gods,https://www.primevideo.com/detail/0P0YOYFLN71W1HVKVMFPVYNSNA/ref=atv_br_def_r_br_c_lAPtVnsmr_1_37
37,The Last Ship,https://www.primevideo.com/detail/0KVNAEODNAJ00NGI9BP0FSDAOE/ref=atv_br_def_r_br_c_lAPtVnsmr_1_38
38,The Originals,https://www.primevideo.com/detail/0FSCTCL7C8TN8PISV8QRF1HPRS/ref=atv_br_def_r_br_c_lAPtVnsmr_1_39
39,Laakhon Mein Ek,https://www.primevideo.com/detail/0FFN25HQXRZ18KKX3P0PCGJS2E/ref=atv_br_def_r_br_c_lAPtVnsmr_1_40
40,2 BROKE GIRLS TV SERIES 10/11,https://www.primevideo.com/detail/0RICM4CPJ1SWXDS986RR14GK6K/ref=atv_br_def_r_br_c_lAPtVnsmr_1_41
41,Afsos,https://www.primevideo.com/detail/0N4Q8GPTAEGH7K4P9N817YO4K2/ref=atv_br_def_r_br_c_lAPtVnsmr_1_42
42,The Grand Tour,https://www.primevideo.com/detail/0JCBR9N8VIBRY4O11EBLLVY3HN/ref=atv_br_def_r_br_c_lAPtVnsmr_1_43
43,McMafia,https://www.primevideo.com/detail/0IZH9PNFT2A9ANSD16AJ9WLUB4/ref=atv_br_def_r_br_c_lAPtVnsmr_1_44
44,Legacies,https://www.primevideo.com/detail/0QSU1XC4H6RGM95NVT6T759XZZ/ref=atv_br_def_r_br_c_lAPtVnsmr_1_45
45,Treadstone,https://www.primevideo.com/detail/0QOLNFREV16APMW56I6QWQYKIX/ref=atv_br_def_r_br_c_lAPtVnsmr_1_46
46,JOEY,https://www.primevideo.com/detail/0SGHMAKD3965V2LVHD8FXGN1GA/ref=atv_br_def_r_br_c_lAPtVnsmr_1_47
47,Bosch,https://www.primevideo.com/detail/0FFO6WCYIGPKK7R4OZJBVHPZ8H/ref=atv_br_def_r_br_c_lAPtVnsmr_1_48
48,American Playboy: The Hugh Hefner Story,https://www.primevideo.com/detail/0TVM3CGKNPFXP412DDOYGQHYHL/ref=atv_br_def_r_br_c_lAPtVnsmr_1_49
49,Suits,https://www.primevideo.com/detail/0G9FBL0FFHI5WEC1J4U7XCO1DR/ref=atv_br_def_r_br_c_lAPtVnsmr_1_50
50,MOM,https://www.primevideo.com/detail/0JKVO84I5Y88UN66UAVSVOBH1R/ref=atv_br_def_r_br_c_lAPtVnsmr_1_51
51,Supernatural,https://www.primevideo.com/detail/0GM6ZF5EEFJNL8AQ4WEEB02SAC/ref=atv_br_def_r_br_c_lAPtVnsmr_1_52
52,Comicstaan Semma Comedy Pa,https://www.primevideo.com/detail/0TZZAIIU0FG5AN19LYLVUPYVWX/ref=atv_br_def_r_br_c_lAPtVnsmr_1_53
53,Fleabag,https://www.primevideo.com/detail/0OB9NDUVQKFRSYRSCHT2A784TI/ref=atv_br_def_r_br_c_lAPtVnsmr_1_54
54,Shark Tank,https://www.primevideo.com/detail/0LLCESK99523MRQAIP73H397L0/ref=atv_br_def_r_br_c_lAPtVnsmr_1_55
55,Two and a Half Men,https://www.primevideo.com/detail/0MASPVBHL8KFAN3VNQXRKH500P/ref=atv_br_def_r_br_c_lAPtVnsmr_1_56
56,Mr. Robot,https://www.primevideo.com/detail/0LL805LRLJUMK1H89CP0LFLBL5/ref=atv_br_def_r_br_c_lAPtVnsmr_1_57
57,World’s Toughest Race: Eco-Challenge Fiji,https://www.primevideo.com/detail/0S3RUAE7PENT6OAZOVDWZIL6JI/ref=atv_br_def_r_br_c_lAPtVnsmr_1_58
58,Shameless,https://www.primevideo.com/detail/0TVQ5L5HG8X2ZQQPI9G7AS4NXS/ref=atv_br_def_r_br_c_lAPtVnsmr_1_59
59,Malgudi Days Swami & Friends 1,https://www.primevideo.com/detail/0G9GFUXCXEY3CGLTVIESFUC20Y/ref=atv_br_def_r_br_c_lAPtVnsmr_1_60
60,Scorpion,https://www.primevideo.com/detail/0IV7AYYQY0EKGKM3MGJ5SS9NMM/ref=atv_br_def_r_br_c_lAPtVnsmr_1_61
61,Hunters,https://www.primevideo.com/detail/0G0YZ8DFW2PCCSIKRPCFV3UOVU/ref=atv_br_def_r_br_c_lAPtVnsmr_1_62
62,Upload,https://www.primevideo.com/detail/0NQ1QFP6B4R6TM8O2590IV5716/ref=atv_br_def_r_br_c_lAPtVnsmr_1_63
63,Hanna,https://www.primevideo.com/detail/0FFO7S7AIAAZELRTL8YM7ASN7H/ref=atv_br_def_r_br_c_lAPtVnsmr_1_64
64,House,https://www.primevideo.com/detail/0ND6SUNF6JYPN6XDBEPGJ9TDWR/ref=atv_br_def_r_br_c_lAPtVnsmr_1_65
65,The Pack,https://www.primevideo.com/detail/0TN70I1BKE2PAVMMO0H3QBT98H/ref=atv_br_def_r_br_c_lAPtVnsmr_1_66
66,CALIFORNICATION,https://www.primevideo.com/detail/0RE33BRMO2D2LTXRZXBGAQX3K5/ref=atv_br_def_r_br_c_lAPtVnsmr_1_67
67,MasterChef Australia,https://www.primevideo.com/detail/0M2CIHBMH6VAAID7CSRDBIRFZO/ref=atv_br_def_r_br_c_lAPtVnsmr_1_68
68,The Marvelous Mrs. Maisel,https://www.primevideo.com/detail/0ST9PQYI4J74DLFZ6H2RTYKD78/ref=atv_br_def_r_br_c_lAPtVnsmr_1_69
69,life is a beach,https://www.primevideo.com/detail/0OSDVO4EK8UTSTLVGLVNYRUQL6/ref=atv_br_def_r_br_c_lAPtVnsmr_1_70
70,The Widow,https://www.primevideo.com/detail/0G0Y38ND7IBQ4YI1BXEYJTJG58/ref=atv_br_def_r_br_c_lAPtVnsmr_1_71
71,Carnival Row,https://www.primevideo.com/detail/0IV9CZO9F1W92MF3HB93GQOD1P/ref=atv_br_def_r_br_c_lAPtVnsmr_1_72
72,Person of Interest,https://www.primevideo.com/detail/0TEJVMKVVTN398Y9L7FI31XXKQ/ref=atv_br_def_r_br_c_lAPtVnsmr_1_73
73,Mind The Malhotras,https://www.primevideo.com/detail/0OWNG2JR60U3KE6FZEKDAJ0O5P/ref=atv_br_def_r_br_c_lAPtVnsmr_1_74
74,One Mic Stand,https://www.primevideo.com/detail/0GUT4NOIVAFUW3YDBI2TSSHS35/ref=atv_br_def_r_br_c_lAPtVnsmr_1_75
75,Blindspot,https://www.primevideo.com/detail/0GM6ZQR0RB1V6MKRZXNPIXVSUR/ref=atv_br_def_r_br_c_lAPtVnsmr_1_76
76,This Is Us,https://www.primevideo.com/detail/0HSUFHAG70S4M5ELD63KMUUL7D/ref=atv_br_def_r_br_c_lAPtVnsmr_1_77
77,Man With A Plan,https://www.primevideo.com/detail/0OBBKWY7JV42I2C223AHE4V625/ref=atv_br_def_r_br_c_lAPtVnsmr_1_78
78,Utopia,https://www.primevideo.com/detail/0NHJG7TMAZ5EE838GG9P8E2YAC/ref=atv_br_def_r_br_c_lAPtVnsmr_1_79
79,Seinfeld,https://www.primevideo.com/detail/0HG1375XVWQUJ5GQMHQXTS7IFW/ref=atv_br_def_r_br_c_lAPtVnsmr_1_80
80,The Magicians,https://www.primevideo.com/detail/0F72UN2AJOIK5KGGGODRWPR6FI/ref=atv_br_def_r_br_c_lAPtVnsmr_1_81
81,Diablo Guardian,https://www.primevideo.com/detail/0R9WCMQIK0I9V6F0KJ1X0CQMU9/ref=atv_br_def_r_br_c_lAPtVnsmr_1_82
82,Good Omens,https://www.primevideo.com/detail/0N4OPSBX6TV4Y1WU0O8ELH2D4T/ref=atv_br_def_r_br_c_lAPtVnsmr_1_83
83,Parks And Recreation,https://www.primevideo.com/detail/0Q7HUXQKV43BTWN4XQTWWJ3V1E/ref=atv_br_def_r_br_c_lAPtVnsmr_1_84
84,THE AFFAIR,https://www.primevideo.com/detail/0JTAV635HX5DW6LFFLVBIKGUW4/ref=atv_br_def_r_br_c_lAPtVnsmr_1_85
85,The Walking Dead: World Beyond,https://www.primevideo.com/detail/0SKTIKNBRBSVW07SXFBXOW49S8/ref=atv_br_def_r_br_c_lAPtVnsmr_1_86
86,CONSTANTINE,https://www.primevideo.com/detail/0FSCTOCCURIQY12ULZGHIMOOID/ref=atv_br_def_r_br_c_lAPtVnsmr_1_87
87,Wakaalat From Home,https://www.primevideo.com/detail/0TZZ8GP4QT89ZEZL9OQO1UI734/ref=atv_br_def_r_br_c_lAPtVnsmr_1_88
88,Nikita,https://www.primevideo.com/detail/0HG2HKKU14YEKECZX9WCN00IQA/ref=atv_br_def_r_br_c_lAPtVnsmr_1_89
89,Russell Peters: Deported,https://www.primevideo.com/detail/0HONFXNA47WH7QT6ARSACHPKQ8/ref=atv_br_def_r_br_c_lAPtVnsmr_1_90
90,Elementary,https://www.primevideo.com/detail/0GHXFYFOWVYFE0YG07CZ08TQ78/ref=atv_br_def_r_br_c_lAPtVnsmr_1_91
91,The Man In the High Castle,https://www.primevideo.com/detail/0MRUJ9E7CS9UEP3WXNPPG2N5TE/ref=atv_br_def_r_br_c_lAPtVnsmr_1_92
92,The Great Escapists,https://www.primevideo.com/detail/0MRZ0A7NMGV28PQ74JP9CZRMGY/ref=atv_br_def_r_br_c_lAPtVnsmr_1_93
93,Kashmir The Story,https://www.primevideo.com/detail/0MF51BWKSFTYYTSMWXXV19YSN7/ref=atv_br_def_r_br_c_lAPtVnsmr_1_94
94,The Night Manager,https://www.primevideo.com/detail/0MRUIDS4CJ4WX0FJNZYZ3DUBOA/ref=atv_br_def_r_br_c_lAPtVnsmr_1_95
95,Person of Interest,https://www.primevideo.com/detail/0MJBLOI9VW8EQK87WHJVMUNFPG/ref=atv_br_def_r_br_c_lAPtVnsmr_1_96
96,The Marvelous Mrs. Maisel,https://www.primevideo.com/detail/0NHHDAZAX2EG3SK7D9A61KIB1S/ref=atv_br_def_r_br_c_lAPtVnsmr_1_97
97,Man With A Plan,https://www.primevideo.com/detail/0OO3XSXZEHGG1KAETHOJW7LKVA/ref=atv_br_def_r_br_c_lAPtVnsmr_1_98
98,Fear the Walking Dead,https://www.primevideo.com/detail/0QBQ3XJ4UPZHM7Z8YLFROAKLFU/ref=atv_br_def_r_br_c_lAPtVnsmr_1_99
99,Supernatural,https://www.primevideo.com/detail/0ST8M5A7BTOVFUMQXFHZDIYU2J/ref=atv_br_def_r_br_c_lAPtVnsmr_1_100
100,Two and a Half Men,https://www.primevideo.com/detail/0ND5SJASD131NUCXT5TA3RGJOR/ref=atv_br_def_r_br_c_lAPtVnsmr_1_101
101,MOM,https://www.primevideo.com/detail/0RMP8B2TCGPTYD563S1ND7IN59/ref=atv_br_def_r_br_c_lAPtVnsmr_1_102
102,The Expanse,https://www.primevideo.com/detail/0NQ0LAT2BXHNN2871ITVDX6WLX/ref=atv_br_def_r_br_c_lAPtVnsmr_1_103
103,The Fresh Prince of Bel-Air,https://www.primevideo.com/detail/0MAU34Q3NP6IQDN24URNOV4Z27/ref=atv_br_def_r_br_c_lAPtVnsmr_1_104
104,NCIS,https://www.primevideo.com/detail/0TIT8Z8S9D4DWONKIY8GAXPBNI/ref=atv_br_def_r_br_c_lAPtVnsmr_1_105
105,Seinfeld,https://www.primevideo.com/detail/0R1AR6ZB5ZAKUSQKJGSGSKTSF2/ref=atv_br_def_r_br_c_lAPtVnsmr_1_106
106,Wild and Free: Florianópolis,https://www.primevideo.com/detail/0G105L27ZBC0SSN0Z5F4948SY7/ref=atv_br_def_r_br_c_lAPtVnsmr_1_107
107,Shin chan Spin-off vol.1 Aliens vs. Shinnosuke,https://www.primevideo.com/detail/0TN2QWT36T6WP708072SGH9EDG/ref=atv_br_def_r_br_c_lAPtVnsmr_1_108
108,Fringe,https://www.primevideo.com/detail/0HG15ONX4QGC7IEFJCRU7Q18WP/ref=atv_br_def_r_br_c_lAPtVnsmr_1_109
109,House,https://www.primevideo.com/detail/0T623BA9MQ80UGM3ICD7EKFESP/ref=atv_br_def_r_br_c_lAPtVnsmr_1_110
110,The Exorcist,https://www.primevideo.com/detail/0GQHCTB4464KKP01JQ4Q3QDR76/ref=atv_br_def_r_br_c_lAPtVnsmr_1_111
111,The Tick,https://www.primevideo.com/detail/0H39IJF8ZG3CT38AZ8L94PVWWU/ref=atv_br_def_r_br_c_lAPtVnsmr_1_112
112,Dexter,https://www.primevideo.com/detail/0GQGCZ210WB9P5IX51HNSQWZE8/ref=atv_br_def_r_br_c_lAPtVnsmr_1_113
113,Madam Secretary,https://www.primevideo.com/detail/0IQXUVTPK13IBD36J2NX6BRV6A/ref=atv_br_def_r_br_c_lAPtVnsmr_1_114
114,Mad Men,https://www.primevideo.com/detail/0FBAX8KDJ206P7NY14JIIF8R6D/ref=atv_br_def_r_br_c_lAPtVnsmr_1_115
115,Mr. Robot,https://www.primevideo.com/detail/0MF28N6QJPA68NG9R4KT5GTDJS/ref=atv_br_def_r_br_c_lAPtVnsmr_1_116
116,Psych,https://www.primevideo.com/detail/0KZY37OYHB13OROH35PXWORGDZ/ref=atv_br_def_r_br_c_lAPtVnsmr_1_117
117,Star Trek: Picard,https://www.primevideo.com/detail/0TADTFDN6AK2XMC7HMLX0HFRPO/ref=atv_br_def_r_br_c_lAPtVnsmr_1_118
118,Reign,https://www.primevideo.com/detail/0T61MGQQHEFIN0TK7JQAG53B1G/ref=atv_br_def_r_br_c_lAPtVnsmr_1_119
119,The Terror,https://www.primevideo.com/detail/0IV81OKD8JYVDMBHRXTEI1Z5MK/ref=atv_br_def_r_br_c_lAPtVnsmr_1_120
120,Parks And Recreation,https://www.primevideo.com/detail/0U45SPP88IP54YTNFVNQJ8SDV3/ref=atv_br_def_r_br_c_lAPtVnsmr_1_121
121,Blindspot,https://www.primevideo.com/detail/0L466OJMQPZ52EZMYRBNONCW23/ref=atv_br_def_r_br_c_lAPtVnsmr_1_122
122,Blue Bloods,https://www.primevideo.com/detail/0OJWS1GYBYKNKTD4ST14MXZIMY/ref=atv_br_def_r_br_c_lAPtVnsmr_1_123
123,Absentia,https://www.primevideo.com/detail/0P0VCYNZOCKLCZ8377WGH5LJFX/ref=atv_br_def_r_br_c_lAPtVnsmr_1_124
124,The Good Wife,https://www.primevideo.com/detail/0G553I5RHVJ08J6G2VTH89EWK7/ref=atv_br_def_r_br_c_lAPtVnsmr_1_125
125,Bosch,https://www.primevideo.com/detail/0PDMHS0RHIOUBEL11JXKP7DAG6/ref=atv_br_def_r_br_c_lAPtVnsmr_1_126
126,Fargo,https://www.primevideo.com/detail/0I9ZKKUTDAPC057UFCZ2WXYC8H/ref=atv_br_def_r_br_c_lAPtVnsmr_1_127
127,Deception,https://www.primevideo.com/detail/0FWNPZGW2BCGC96ARE1QTKIZ94/ref=atv_br_def_r_br_c_lAPtVnsmr_1_128
128,Shameless,https://www.primevideo.com/detail/0MASQDV6WB24EPNKPDVQKDLKZL/ref=atv_br_def_r_br_c_lAPtVnsmr_1_129
129,Jestination Unknown,https://www.primevideo.com/detail/0GQJK1NOZV70ZQPX9SZZZ75VLF/ref=atv_br_def_r_br_c_lAPtVnsmr_1_130
130,THE AFFAIR,https://www.primevideo.com/detail/0LPJH0BWDNVU59RP4QNB2SCVQ3/ref=atv_br_def_r_br_c_lAPtVnsmr_1_131
131,The Grand Tour,https://www.primevideo.com/detail/0HSU74AT6CFREFLCU0U69YZGAV/ref=atv_br_def_r_br_c_lAPtVnsmr_1_132
132,Chicago Med,https://www.primevideo.com/detail/0HOM5AA8C69VS6HYUS9BL505FL/ref=atv_br_def_r_br_c_lAPtVnsmr_1_133
133,The Gymkhana Files,https://www.primevideo.com/detail/0N0FKC6OG9V46QKGZF04RNXPM7/ref=atv_br_def_r_br_c_lAPtVnsmr_1_134
134,All American,https://www.primevideo.com/detail/0HG5QQD5CMG6TNX51MMVILBAZ2/ref=atv_br_def_r_br_c_lAPtVnsmr_1_135
135,American Gods,https://www.primevideo.com/detail/0FFMZR8LFU3ZP6GYE1CT4ZFH3P/ref=atv_br_def_r_br_c_lAPtVnsmr_1_136
136,Secret Nature,https://www.primevideo.com/detail/0GHZAYBNV9VV5WACZPR3K8JPHH/ref=atv_br_def_r_br_c_lAPtVnsmr_1_137
137,Elementary,https://www.primevideo.com/detail/0SKPM67P3DWT5CJ5ARR432JLEQ/ref=atv_br_def_r_br_c_lAPtVnsmr_1_138
138,Taken,https://www.primevideo.com/detail/0I5NDL7MZO7LRVNK6NQI3JWQER/ref=atv_br_def_r_br_c_lAPtVnsmr_1_139
139,Shaktimaan,https://www.primevideo.com/detail/0HBTCGAP208OLZ7I2A5DUPFQYG/ref=atv_br_def_r_br_c_lAPtVnsmr_1_140
140,Best of The Best,https://www.primevideo.com/detail/0RV6A80YRNHCY920DUX9SJTRHT/ref=atv_br_def_r_br_c_lAPtVnsmr_1_141
141,Masters Of Sex,https://www.primevideo.com/detail/0I1FADM3291QV502NC2VYC80HS/ref=atv_br_def_r_br_c_lAPtVnsmr_1_142
142,God Friended Me,https://www.primevideo.com/detail/0R9VS6P9EL4497PSAQAYLFNZNI/ref=atv_br_def_r_br_c_lAPtVnsmr_1_143
143,Downton Abbey,https://www.primevideo.com/detail/0N0DTF7MVIVT647ZVBTP7BHHN3/ref=atv_br_def_r_br_c_lAPtVnsmr_1_144
144,This Is Us,https://www.primevideo.com/detail/0MJEQ5ZVSZ0IBUZWRP6GYYS6PF/ref=atv_br_def_r_br_c_lAPtVnsmr_1_145
145,Lore,https://www.primevideo.com/detail/0HBSJWFIHCW6RDKSPFSX0YILCW/ref=atv_br_def_r_br_c_lAPtVnsmr_1_146
146,Claws,https://www.primevideo.com/detail/0QOJ3DEUSXYSR74I1QLWIRXK83/ref=atv_br_def_r_br_c_lAPtVnsmr_1_147
147,Classic Popeye,https://www.primevideo.com/detail/0LL8NMKZJF32CU78ZAE4Z86ATH/ref=atv_br_def_r_br_c_lAPtVnsmr_1_148
148,Truth Seekers,https://www.primevideo.com/detail/0GDS9Z3YWAUFJBPUZGCGM8P9X0/ref=atv_br_def_r_br_c_lAPtVnsmr_1_149
149,Killing Eve,https://www.primevideo.com/detail/0GDS4UCUXMAJO7XEYQJXVHLNH0/ref=atv_br_def_r_br_c_lAPtVnsmr_1_150
150,Into the Badlands,https://www.primevideo.com/detail/0FO3D2BJ5MK84DR1Y2BLOQLJJ3/ref=atv_br_def_r_br_c_lAPtVnsmr_1_151
151,Diablo Guardian,https://www.primevideo.com/detail/0OSCRBAYNZCA6ES7I5HFCZPFB0/ref=atv_br_def_r_br_c_lAPtVnsmr_1_152
152,Homecoming,https://www.primevideo.com/detail/0JP2LF83DMAYFDREZ20GAG2DAR/ref=atv_br_def_r_br_c_lAPtVnsmr_1_153
153,Bang Baaja Baaraat,https://www.primevideo.com/detail/0LGYLUT9ZKXACLT7OAAMA4OLSF/ref=atv_br_def_r_br_c_lAPtVnsmr_1_154
154,Skulls & Roses,https://www.primevideo.com/detail/0N4PWFT2BCTEDGA46NVI9N65XZ/ref=atv_br_def_r_br_c_lAPtVnsmr_1_155
155,Manifest,https://www.primevideo.com/detail/0LY2EFM1OCYSC87VSBWS3LVRS4/ref=atv_br_def_r_br_c_lAPtVnsmr_1_156
156,The Purge,https://www.primevideo.com/detail/0KN6CAJ20KLZJWRE0LF67Y6UGC/ref=atv_br_def_r_br_c_lAPtVnsmr_1_157
157,El Juego de las Llaves,https://www.primevideo.com/detail/0K65KXI9AAH4BDCZ2XLOK2L54H/ref=atv_br_def_r_br_c_lAPtVnsmr_1_158
158,ONE TREE HILL,https://www.primevideo.com/detail/0RZFQYJVW6997EEZ493787TM5C/ref=atv_br_def_r_br_c_lAPtVnsmr_1_159
159,Mid Wicket Tales With Naseeruddin Shah,https://www.primevideo.com/detail/0U8GVP8B5EI7GUU25V2TQMR8HZ/ref=atv_br_def_r_br_c_lAPtVnsmr_1_160
160,Bates Motel,https://www.primevideo.com/detail/0G56AQAG0YO80KHO9GBDFAAAIR/ref=atv_br_def_r_br_c_lAPtVnsmr_1_161
161,James May: Our Man In Japan,https://www.primevideo.com/detail/0QSVAQPPPLDBOEXSCPTU1GIGG3/ref=atv_br_def_r_br_c_lAPtVnsmr_1_162
162,CALIFORNICATION,https://www.primevideo.com/detail/0MNKZH6QFAAQGPXCQ2MAVCIM3M/ref=atv_br_def_r_br_c_lAPtVnsmr_1_163
163,The Last Narc,https://www.primevideo.com/detail/0R9XJ845XSRRL1XP2MZKZPG9S4/ref=atv_br_def_r_br_c_lAPtVnsmr_1_164
164,Forensic Files,https://www.primevideo.com/detail/0LGZ204MJEG5ZDMVXZZY4XQRPJ/ref=atv_br_def_r_br_c_lAPtVnsmr_1_165
165,Lethal Weapon,https://www.primevideo.com/detail/0J3PJ75MSUFCF8R5O240VOP97A/ref=atv_br_def_r_br_c_lAPtVnsmr_1_166
166,Tales from the Loop,https://www.primevideo.com/detail/0IZJLPR9WFYI965ZVREZFLJYPD/ref=atv_br_def_r_br_c_lAPtVnsmr_1_167
167,Planet Earth II,https://www.primevideo.com/detail/0J81YBR59H4B2VSC9VIN8S50M4/ref=atv_br_def_r_br_c_lAPtVnsmr_1_168
168,Life,https://www.primevideo.com/detail/0RE3WIY9Q9CHQUGDVKRJ4ZL3NW/ref=atv_br_def_r_br_c_lAPtVnsmr_1_169
169,Vella Raja (Tamil),https://www.primevideo.com/detail/0HX57KPXMDYA121VT4GQ711ZLF/ref=atv_br_def_r_br_c_lAPtVnsmr_1_170
170,The Handmaid's Tale (Series),https://www.primevideo.com/detail/0P0X72Z35JR1UB78BC872SOLG8/ref=atv_br_def_r_br_c_lAPtVnsmr_1_171
171,The Magicians,https://www.primevideo.com/detail/0U8FB629IJK0WET9RAOX9QKQY4/ref=atv_br_def_r_br_c_lAPtVnsmr_1_172
172,Grimm,https://www.primevideo.com/detail/0HBUZB0I0EWBCTEIFPAB8U94NO/ref=atv_br_def_r_br_c_lAPtVnsmr_1_173
173,Heroes,https://www.primevideo.com/detail/0T1SN0GLJHARZEJIFQFWIZOKTQ/ref=atv_br_def_r_br_c_lAPtVnsmr_1_174
174,The Mindy Project,https://www.primevideo.com/detail/0RE3VFH4BV0BZHRKK3T1SHFQTH/ref=atv_br_def_r_br_c_lAPtVnsmr_1_175
175,Carolina Marín,https://www.primevideo.com/detail/0G9IU38DJYJ93Z43U186Q5039A/ref=atv_br_def_r_br_c_lAPtVnsmr_1_176
176,Citizen Khan,https://www.primevideo.com/detail/0HG2NG8QIC500L2H44QZNLK2OD/ref=atv_br_def_r_br_c_lAPtVnsmr_1_177
177,Gangstars (Telugu),https://www.primevideo.com/detail/0GDPQ2UILZRI1X5VQTCRKWNTLI/ref=atv_br_def_r_br_c_lAPtVnsmr_1_178
178,I Love Dick,https://www.primevideo.com/detail/0TN3B8VS4XWQ1V7F3MIIAJFBMT/ref=atv_br_def_r_br_c_lAPtVnsmr_1_179
179,American Gods - International Release,https://www.primevideo.com/detail/0QG44ERLXWTL8AOD7GR004BDCM/ref=atv_br_def_r_br_c_lAPtVnsmr_1_180
180,Chuck,https://www.primevideo.com/detail/0PQG71R109UVE7H3H651JU6EV3/ref=atv_br_def_r_br_c_lAPtVnsmr_1_181
181,Siyaasat,https://www.primevideo.com/detail/0LH1DSKCR91LUG2AUOXRUJ7B3M/ref=atv_br_def_r_br_c_lAPtVnsmr_1_182
182,Goliath,https://www.primevideo.com/detail/0SKPU0FW9P2WFKN3QSEATF32I5/ref=atv_br_def_r_br_c_lAPtVnsmr_1_183
183,Covert Affairs,https://www.primevideo.com/detail/0GDPC2YXKM5RUEJGWMV5337X3O/ref=atv_br_def_r_br_c_lAPtVnsmr_1_184
184,Casual,https://www.primevideo.com/detail/0HKD2890ZWULVM843JN5JS61IF/ref=atv_br_def_r_br_c_lAPtVnsmr_1_185
185,Malgudi Days Swami & Friends 1,https://www.primevideo.com/detail/0OBBBWOHT7BBC4I7Z3PYXI906W/ref=atv_br_def_r_br_c_lAPtVnsmr_1_186
186,The Baker and the Beauty,https://www.primevideo.com/detail/0HOKVY78CZ31N6UURX1GCNSJI6/ref=atv_br_def_r_br_c_lAPtVnsmr_1_187
187,The Lost World,https://www.primevideo.com/detail/0HOLBVH5HDVLF35G8FY8GGBRVY/ref=atv_br_def_r_br_c_lAPtVnsmr_1_188
188,El Candidato,https://www.primevideo.com/detail/0PQIOKSYGLJOMMIJQTVQWBV94D/ref=atv_br_def_r_br_c_lAPtVnsmr_1_189
189,life is a beach,https://www.primevideo.com/detail/0STB9QPXZW9NOXKUHE45SPN8LY/ref=atv_br_def_r_br_c_lAPtVnsmr_1_190
190,Harmony with A R Rahman,https://www.primevideo.com/detail/0LL9VGE5D6SV7UMX1Q0BGY0FFW/ref=atv_br_def_r_br_c_lAPtVnsmr_1_191
191,James May: Oh Cook,https://www.primevideo.com/detail/0SKU29JEEOUWR6LW44DO6V3GRT/ref=atv_br_def_r_br_c_lAPtVnsmr_1_192
192,Psych,https://www.primevideo.com/detail/0O71B7MU836AOLZIVZ9HKQVC15/ref=atv_br_def_r_br_c_lAPtVnsmr_1_193
193,Chuck,https://www.primevideo.com/detail/0PYZ3JU4NY5KZO6CEFV69UMFSE/ref=atv_br_def_r_br_c_lAPtVnsmr_1_194
194,The Fresh Prince of Bel-Air,https://www.primevideo.com/detail/0OSCLO0BMX3LRK7FZRRESKUGXP/ref=atv_br_def_r_br_c_lAPtVnsmr_1_195
195,Fauji - Hindi,https://www.primevideo.com/detail/0I1F2NXF7F18T7GL81ZL9SI3O9/ref=atv_br_def_r_br_c_lAPtVnsmr_1_196
196,Absentia,https://www.primevideo.com/detail/0QOME3P7GY9X95L3UGDY9FAP7T/ref=atv_br_def_r_br_c_lAPtVnsmr_1_197
197,Bosch,https://www.primevideo.com/detail/0IMOZ3W0GVZP34A5A60OATV347/ref=atv_br_def_r_br_c_lAPtVnsmr_1_198
198,Lethal Weapon,https://www.primevideo.com/detail/0HBSNIOK1ISXDXWU250C1I5SLG/ref=atv_br_def_r_br_c_lAPtVnsmr_1_199
199,NCIS,https://www.primevideo.com/detail/0GDO4OG6LPMUA6T622IVYLUDD9/ref=atv_br_def_r_br_c_lAPtVnsmr_1_200
200,12 Monkeys,https://www.primevideo.com/detail/0MNLRKW4AHFHP4NNSC1SLFXV3P/ref=atv_br_def_r_br_c_lAPtVnsmr_1_201
201,THE AFFAIR,https://www.primevideo.com/detail/0N0GI9ADFQXVX1F87GD2NGQ8TZ/ref=atv_br_def_r_br_c_lAPtVnsmr_1_202
202,Penny Dreadful,https://www.primevideo.com/detail/0PDN5B14V65SBAJLD1QR1USLJI/ref=atv_br_def_r_br_c_lAPtVnsmr_1_203
203,Undone,https://www.primevideo.com/detail/0U47EJ6SN8CVR3C4MK2W17EDL2/ref=atv_br_def_r_br_c_lAPtVnsmr_1_204
204,Doctor Who,https://www.primevideo.com/detail/0LL9GHTZLNKBEFVFZKDKHINU32/ref=atv_br_def_r_br_c_lAPtVnsmr_1_205
205,Famous in Love,https://www.primevideo.com/detail/0J7ZLKXACCOW46V4UR3S4CN4LD/ref=atv_br_def_r_br_c_lAPtVnsmr_1_206
206,Forensic Files,https://www.primevideo.com/detail/0IV78W2FZAD2FIWEI7WX1IXX3I/ref=atv_br_def_r_br_c_lAPtVnsmr_1_207
207,Shameless,https://www.primevideo.com/detail/0QSRXN4DRTQ4JZMP0G9STYB4K7/ref=atv_br_def_r_br_c_lAPtVnsmr_1_208
208,The Good Wife,https://www.primevideo.com/detail/0H38PVH7YXZ7KXM8W8AEHB5MC7/ref=atv_br_def_r_br_c_lAPtVnsmr_1_209
209,A gURLs wURLd,https://www.primevideo.com/detail/0Q38P70QNS6GBDRWPXUDKHU5AM/ref=atv_br_def_r_br_c_lAPtVnsmr_1_210
210,CALIFORNICATION,https://www.primevideo.com/detail/0FWM6LB9E6JBG1SUS9GGUAIGOJ/ref=atv_br_def_r_br_c_lAPtVnsmr_1_211
211,VINLAND SAGA,https://www.primevideo.com/detail/0JCBAQM21T35H8URDVGEMXG1XX/ref=atv_br_def_r_br_c_lAPtVnsmr_1_212
212,Johnny Bravo,https://www.primevideo.com/detail/0F72BBX87B1XG7OBEZ1C7JDLPO/ref=atv_br_def_r_br_c_lAPtVnsmr_1_213
213,Station 19,https://www.primevideo.com/detail/0KEPV7Y66P59PH65H2XWVW11NN/ref=atv_br_def_r_br_c_lAPtVnsmr_1_214
214,The Tick,https://www.primevideo.com/detail/0RMOJJ5V14E4YSAMTDMUD4I5OV/ref=atv_br_def_r_br_c_lAPtVnsmr_1_215
215,Downton Abbey,https://www.primevideo.com/detail/0LGYOBST8K39R0WGN36R4GCTEV/ref=atv_br_def_r_br_c_lAPtVnsmr_1_216
216,The Purge,https://www.primevideo.com/detail/0U47S07XDQB5XVRSS00DHUC0RN/ref=atv_br_def_r_br_c_lAPtVnsmr_1_217
217,Fringe,https://www.primevideo.com/detail/0MRUJ0KEPZ0TCARTXFWCJDW7HO/ref=atv_br_def_r_br_c_lAPtVnsmr_1_218
218,Covert Affairs,https://www.primevideo.com/detail/0OJTLUNSN0WPYYZDJBMKWV3B9M/ref=atv_br_def_r_br_c_lAPtVnsmr_1_219
219,Nikita,https://www.primevideo.com/detail/0N8XO5TCH2OZXKFI4KNWM2QKH2/ref=atv_br_def_r_br_c_lAPtVnsmr_1_220
220,ONE TREE HILL,https://www.primevideo.com/detail/0T1STMJ6TIRRLGZY3KAA6NBCSD/ref=atv_br_def_r_br_c_lAPtVnsmr_1_221
221,Dexter,https://www.primevideo.com/detail/0RE33MUYIHG7BNVYJ7HZ2SCKH1/ref=atv_br_def_r_br_c_lAPtVnsmr_1_222
222,Startup,https://www.primevideo.com/detail/0P0U4N2VPV0GJX006JMXI60LGB/ref=atv_br_def_r_br_c_lAPtVnsmr_1_223
223,Claws,https://www.primevideo.com/detail/0J3R7UKXMFALNSU4NH1V8WF8TY/ref=atv_br_def_r_br_c_lAPtVnsmr_1_224
224,The Man In the High Castle,https://www.primevideo.com/detail/0SXI69BVUVCDRYLJXEE6OC537V/ref=atv_br_def_r_br_c_lAPtVnsmr_1_225
225,Gangstars (Hindi),https://www.primevideo.com/detail/0N4OIYPYVYCWLA2WP61ORK3VJH/ref=atv_br_def_r_br_c_lAPtVnsmr_1_226
226,Patriot,https://www.primevideo.com/detail/0O2QWM335JFPKX3SDDOWZTPDNE/ref=atv_br_def_r_br_c_lAPtVnsmr_1_227
227,Planet Earth : Set 01,https://www.primevideo.com/detail/0GDR3BDG3KDQOMA9HFT87FD0J6/ref=atv_br_def_r_br_c_lAPtVnsmr_1_228
228,The Mindy Project,https://www.primevideo.com/detail/0HKBBXSZDPBGDM440SL9PJ0DQU/ref=atv_br_def_r_br_c_lAPtVnsmr_1_229
229,CSI: Crime Scene Investigation,https://www.primevideo.com/detail/0KVPK23H8S3N89K03PUE10RL9B/ref=atv_br_def_r_br_c_lAPtVnsmr_1_230
230,Homecoming,https://www.primevideo.com/detail/0RE6SHJQDII8R4110BXUYXCSMJ/ref=atv_br_def_r_br_c_lAPtVnsmr_1_231
231,life is a beach,https://www.primevideo.com/detail/0M2CGUUG3690ANSV6LTSLTUUQY/ref=atv_br_def_r_br_c_lAPtVnsmr_1_232
232,Reign,https://www.primevideo.com/detail/0S3OLC58K79DKXK51E0UDZQWES/ref=atv_br_def_r_br_c_lAPtVnsmr_1_233
233,Elementary,https://www.primevideo.com/detail/0Q39YST2BS2A0HZVQ0YKEUQJ81/ref=atv_br_def_r_br_c_lAPtVnsmr_1_234
234,Luther,https://www.primevideo.com/detail/0KIWD47O8N9CK5ZZVNBKDVS4BF/ref=atv_br_def_r_br_c_lAPtVnsmr_1_235
235,The Terror,https://www.primevideo.com/detail/0NLRPK9NWMXV6THTX3KTLQ5LDL/ref=atv_br_def_r_br_c_lAPtVnsmr_1_236
236,Fargo,https://www.primevideo.com/detail/0STCU6MJSGUYHF62I43XZQSUDE/ref=atv_br_def_r_br_c_lAPtVnsmr_1_237
237,American Woman,https://www.primevideo.com/detail/0N4OLLCG8DIMRVUB8Z1L0G3CFN/ref=atv_br_def_r_br_c_lAPtVnsmr_1_238
238,Take Us Home: Leeds United,https://www.primevideo.com/detail/0QOLGIH5BXW65GLF3U3BUIRXQA/ref=atv_br_def_r_br_c_lAPtVnsmr_1_239
239,Jean Claude Van Johnson,https://www.primevideo.com/detail/0ND6NVY6Z75UFNXC1COXP7W0V3/ref=atv_br_def_r_br_c_lAPtVnsmr_1_240
240,Bates Motel,https://www.primevideo.com/detail/0G9FR0VZ2A87DE0FNOSM5CWAGD/ref=atv_br_def_r_br_c_lAPtVnsmr_1_241
241,The Handmaid's Tale (Series),https://www.primevideo.com/detail/0KEOTPITATPS992OTGBSWNBHFJ/ref=atv_br_def_r_br_c_lAPtVnsmr_1_242
242,Chernobyl: Aftermath,https://www.primevideo.com/detail/0N4Q8I23WN0OL5T4XTW6H5ABGL/ref=atv_br_def_r_br_c_lAPtVnsmr_1_243
243,Yes Minister: Specials,https://www.primevideo.com/detail/0SKR4OHUJU0A9ZM80SE3V1A66A/ref=atv_br_def_r_br_c_lAPtVnsmr_1_244
244,Sneaky Pete,https://www.primevideo.com/detail/0TN2Z5WRZAJD464SZJT66EW38B/ref=atv_br_def_r_br_c_lAPtVnsmr_1_245
245,Goliath,https://www.primevideo.com/detail/0FWNVJZPZJTPBX3LUEY37EVXJ7/ref=atv_br_def_r_br_c_lAPtVnsmr_1_246
246,Happy Marriage!?,https://www.primevideo.com/detail/0KEN0ORR67RHGKCWE3K1UD716J/ref=atv_br_def_r_br_c_lAPtVnsmr_1_247
247,Citizen Khan,https://www.primevideo.com/detail/0S3PE41PBJ4HTJZM7QLOXZD3ME/ref=atv_br_def_r_br_c_lAPtVnsmr_1_248
248,Malgudi Days Swami & Friends 1,https://www.primevideo.com/detail/0KENIYXHA6B3ZEGBQ4YOQGQJBF/ref=atv_br_def_r_br_c_lAPtVnsmr_1_249
249,"Roswell, New Mexico",https://www.primevideo.com/detail/0Q7J1CRR63IRXTA9HG086L8GKZ/ref=atv_br_def_r_br_c_lAPtVnsmr_1_250
250,Going Viral Pvt. Ltd.,https://www.primevideo.com/detail/0HKBG3IW2QFJN9P0O4TPCTQ3WK/ref=atv_br_def_r_br_c_lAPtVnsmr_1_251
251,North Pole Ice Airport,https://www.primevideo.com/detail/0JCA9E3JNM3SR95KAKQILQB3XD/ref=atv_br_def_r_br_c_lAPtVnsmr_1_252
252,Dororo,https://www.primevideo.com/detail/0TVO1JG449EFL5TZRWMN0DHHG0/ref=atv_br_def_r_br_c_lAPtVnsmr_1_253
253,Whiskey Cavalier,https://www.primevideo.com/detail/0KENYX2HAPNOHZYSWUBT6Q376J/ref=atv_br_def_r_br_c_lAPtVnsmr_1_254
254,Best of AIB,https://www.primevideo.com/detail/0QK92LDX109G2ETDMARWF6VKNQ/ref=atv_br_def_r_br_c_lAPtVnsmr_1_255
255,Highway on my plate,https://www.primevideo.com/detail/0HSWI0KEYY2E9R8EFW543HZOQM/ref=atv_br_def_r_br_c_lAPtVnsmr_1_256
256,Pretty Little Liars: The Perfectionists,https://www.primevideo.com/detail/0RV7KF96X3NVMMXW5JR7LTM7JU/ref=atv_br_def_r_br_c_lAPtVnsmr_1_257
257,Blue Bloods,https://www.primevideo.com/detail/0QFZH9JKZ3YY5RIASCL9LDR0UT/ref=atv_br_def_r_br_c_lAPtVnsmr_1_258
258,Thella Raju (Telugu),https://www.primevideo.com/detail/0K1VC595Z7E6C6NU2EN2PXPWSD/ref=atv_br_def_r_br_c_lAPtVnsmr_1_259
259,Forever,https://www.primevideo.com/detail/0TVNJJQYMZMNZAQADQK4H4I2VG/ref=atv_br_def_r_br_c_lAPtVnsmr_1_260
260,Mad Men,https://www.primevideo.com/detail/0Q7GKD49C1OMXIBB1AYT16ZV3E/ref=atv_br_def_r_br_c_lAPtVnsmr_1_261
261,"Yes, Prime Minister",https://www.primevideo.com/detail/0MRVY5XOD8RR30FSUO1ECKH09G/ref=atv_br_def_r_br_c_lAPtVnsmr_1_262
262,You Are Wanted,https://www.primevideo.com/detail/0KZX2UTXVNBUZT1NOEOKFQB24W/ref=atv_br_def_r_br_c_lAPtVnsmr_1_263
263,The Detour,https://www.primevideo.com/detail/0RV514BYE8XUVZ1GBRM5IELKLC/ref=atv_br_def_r_br_c_lAPtVnsmr_1_264
264,Preacher,https://www.primevideo.com/detail/0L8FNEN0HWHEJLTA7ACFJ6HZ78/ref=atv_br_def_r_br_c_lAPtVnsmr_1_265
265,Dynasties,https://www.primevideo.com/detail/0PZ0R7O463FPR6S3ZCY161R5JY/ref=atv_br_def_r_br_c_lAPtVnsmr_1_266
266,Inside the Human Body,https://www.primevideo.com/detail/0GI0JIHU5BJGXCCPRYCPNXGE8V/ref=atv_br_def_r_br_c_lAPtVnsmr_1_267
267,Hidden India,https://www.primevideo.com/detail/0IZJ1UCC935KIQ4VK1E13LNPH5/ref=atv_br_def_r_br_c_lAPtVnsmr_1_268
268,Grimm,https://www.primevideo.com/detail/0JGL4MJRHGQQVXQE4HUOFTVR3F/ref=atv_br_def_r_br_c_lAPtVnsmr_1_269
269,Marvel's Runaways,https://www.primevideo.com/detail/0GQHMHJLLZNWAGZ36UC3NXO3F6/ref=atv_br_def_r_br_c_lAPtVnsmr_1_270
270,The Looming Tower,https://www.primevideo.com/detail/0FFLWBGDIM1KHAKUCGX3M5Y2A7/ref=atv_br_def_r_br_c_lAPtVnsmr_1_271
271,Heroes,https://www.primevideo.com/detail/0LTS0Y4XXEOSA3AIFL4GJL345O/ref=atv_br_def_r_br_c_lAPtVnsmr_1_272
272,This Giant Beast That Is The Global Economy,https://www.primevideo.com/detail/0RV7HAEBMBPP972UY47YCGHHTY/ref=atv_br_def_r_br_c_lAPtVnsmr_1_273
273,Miracles of Nature,https://www.primevideo.com/detail/0NYICG3JPPPBK3BOJIYVIIMX6O/ref=atv_br_def_r_br_c_lAPtVnsmr_1_274
274,Lockout,https://www.primevideo.com/detail/0N8YHSPPKGV5EBW5QORIUTH5TA/ref=atv_br_def_r_br_c_lAPtVnsmr_1_275
275,Shaktimaan,https://www.primevideo.com/detail/0KIYQOA5EUW3Q8MPDQDB3CYDPD/ref=atv_br_def_r_br_c_lAPtVnsmr_1_276
276,Parenthood,https://www.primevideo.com/detail/0PUPMLRCM9M3ZZSNZLPLHIFSXC/ref=atv_br_def_r_br_c_lAPtVnsmr_1_277
277,Ray Donovan,https://www.primevideo.com/detail/0P0US7BQPU1LOGU0DPGSUTEY67/ref=atv_br_def_r_br_c_lAPtVnsmr_1_278
278,The Good Fight,https://www.primevideo.com/detail/0N8XTJJ0Y71VKNV550EIJN74K6/ref=atv_br_def_r_br_c_lAPtVnsmr_1_279
279,The Remix,https://www.primevideo.com/detail/0LCQG3AERV7JD3Z8FHUFWNOR1P/ref=atv_br_def_r_br_c_lAPtVnsmr_1_280
280,Le Mans,https://www.primevideo.com/detail/0FFL218WF7DUG7BWMD7PS2SWWU/ref=atv_br_def_r_br_c_lAPtVnsmr_1_281
281,Tyohaar Ki Thaali,https://www.primevideo.com/detail/0KZZTIIHLJTJPF2B66TPRC5J2X/ref=atv_br_def_r_br_c_lAPtVnsmr_1_282
282,Mafia Undercover,https://www.primevideo.com/detail/0G56L8DGFZV1SLR3FQJBQXHZRY/ref=atv_br_def_r_br_c_lAPtVnsmr_1_283
283,Red Oaks,https://www.primevideo.com/detail/0SOZ7HKXB09QW4C90CD4VJD7O5/ref=atv_br_def_r_br_c_lAPtVnsmr_1_284
284,LOL: Australia,https://www.primevideo.com/detail/0RIGGW6WOP0421UNHSK0DA39YN/ref=atv_br_def_r_br_c_lAPtVnsmr_1_285
285,Jimmy O. Yang: Good Deal,https://www.primevideo.com/detail/0MF5VN4SI11MVECUITTBZPUTSR/ref=atv_br_def_r_br_c_lAPtVnsmr_1_286
286,Vella Raja (Hindi),https://www.primevideo.com/detail/0N8YKWNHU7BM3RF7MQ6PX621YD/ref=atv_br_def_r_br_c_lAPtVnsmr_1_287
287,Z: The Beginning of Everything,https://www.primevideo.com/detail/0KN4O3WUJL0QSTHV6J5JMGDWD6/ref=atv_br_def_r_br_c_lAPtVnsmr_1_288
288,Ramy,https://www.primevideo.com/detail/0GI1JX0B8DNZO9M8EMAOD22WCY/ref=atv_br_def_r_br_c_lAPtVnsmr_1_289
289,Splitting Up Together,https://www.primevideo.com/detail/0RE4OGG8RKXT46BWPP7K3H9HGW/ref=atv_br_def_r_br_c_lAPtVnsmr_1_290
290,The Romanoffs,https://www.primevideo.com/detail/0MF48KC576XFN13EXU8OTQF80Y/ref=atv_br_def_r_br_c_lAPtVnsmr_1_291
291,House of Lies,https://www.primevideo.com/detail/0GM6WOTALSE01OHP8K5R7KMQKC/ref=atv_br_def_r_br_c_lAPtVnsmr_1_292
292,Casual,https://www.primevideo.com/detail/0TACVK1AJWN4UWMRLPGQTPA1HS/ref=atv_br_def_r_br_c_lAPtVnsmr_1_293
293,Prime Rewind: Inside The Boys,https://www.primevideo.com/detail/0KEPLE0H37V2VECY9AW32AD4LH/ref=atv_br_def_r_br_c_lAPtVnsmr_1_294
294,"Midnight, Texas",https://www.primevideo.com/detail/0G58JGQ8KEOR2G3BLTBN3IAGQ4/ref=atv_br_def_r_br_c_lAPtVnsmr_1_295
295,eXperiments,https://www.primevideo.com/detail/0OSD3OQ9PI6CLHCFU9X76FWGM7/ref=atv_br_def_r_br_c_lAPtVnsmr_1_296
296,BANANA FISH,https://www.primevideo.com/detail/0G0XIRHP3SKCHL2U5VK7ZW45AU/ref=atv_br_def_r_br_c_lAPtVnsmr_1_297
297,Blade of the Immortal,https://www.primevideo.com/detail/0JTDDLSTGLYR0ZPWEWF42YHZXM/ref=atv_br_def_r_br_c_lAPtVnsmr_1_298
298,Mozart in the Jungle,https://www.primevideo.com/detail/0I1CFRBL3MWI0DJ0QUUNPHG2P5/ref=atv_br_def_r_br_c_lAPtVnsmr_1_299
299,Trial & Error,https://www.primevideo.com/detail/0H7ILXCRS1ER3WLXMKRJGYECB4/ref=atv_br_def_r_br_c_lAPtVnsmr_1_300
300,Making the Cut,https://www.primevideo.com/detail/0KEP1P9UKB3ON646ETOYB9ZJPW/ref=atv_br_def_r_br_c_lAPtVnsmr_1_301
301,Philip K. Dick's Electric Dreams,https://www.primevideo.com/detail/0KN5HYFYZJ732WL4JJETJE17VG/ref=atv_br_def_r_br_c_lAPtVnsmr_1_302
302,Ted Bundy: Falling for a Killer,https://www.primevideo.com/detail/0S3R8A6CMU674IW5281Y0MGOI8/ref=atv_br_def_r_br_c_lAPtVnsmr_1_303
303,Grand Prix Driver,https://www.primevideo.com/detail/0IQYEBGQSY50E3XYMS8WLLWN12/ref=atv_br_def_r_br_c_lAPtVnsmr_1_304
304,The Hunt,https://www.primevideo.com/detail/0HBUPL5M0XAFZRZXTTHPWA3ZIU/ref=atv_br_def_r_br_c_lAPtVnsmr_1_305
305,El Presidente,https://www.primevideo.com/detail/0QOM72CR6OB8QUPD8OT1NPWVP6/ref=atv_br_def_r_br_c_lAPtVnsmr_1_306
306,The Lost World,https://www.primevideo.com/detail/0QSTAEYGOYLCGI225NWEE4NWC2/ref=atv_br_def_r_br_c_lAPtVnsmr_1_307
307,Classic Popeye,https://www.primevideo.com/detail/0KACODA7AFE86HEUE8BZ9R2RT2/ref=atv_br_def_r_br_c_lAPtVnsmr_1_308
308,Transparent,https://www.primevideo.com/detail/0S7XCVTGRJ3FPROBPUHVAO4W4Y/ref=atv_br_def_r_br_c_lAPtVnsmr_1_309
309,Frozen Planet,https://www.primevideo.com/detail/0J81YBGDON1PKFJ7ZA12Y0ZU1G/ref=atv_br_def_r_br_c_lAPtVnsmr_1_310
310,Sneaky Pete,https://www.primevideo.com/detail/0GUR209UZNECEBNCJIWT98FNJC/ref=atv_br_def_r_br_c_lAPtVnsmr_1_311
311,Mad Men,https://www.primevideo.com/detail/0HG12KJZMJ8I9A4EOTJZTR5I0N/ref=atv_br_def_r_br_c_lAPtVnsmr_1_312
312,El Corazón de Sergio Ramos,https://www.primevideo.com/detail/0NUANN1Y8799U9XAOTPBZBTZZR/ref=atv_br_def_r_br_c_lAPtVnsmr_1_313
313,Splitting Up Together,https://www.primevideo.com/detail/0QG1O2S9RXYDVMGEOGBZRSDHMK/ref=atv_br_def_r_br_c_lAPtVnsmr_1_314
314,NOS4A2,https://www.primevideo.com/detail/0TEMOH9V2LZGL9PPMVP9BE3AAB/ref=atv_br_def_r_br_c_lAPtVnsmr_1_315
315,World Class,https://www.primevideo.com/detail/0PQGTAX02FP4UUXAZ9G5F5S0C0/ref=atv_br_def_r_br_c_lAPtVnsmr_1_316
316,Parenthood,https://www.primevideo.com/detail/0R5LO9YQBBRPG6NYSHQN498AUY/ref=atv_br_def_r_br_c_lAPtVnsmr_1_317
317,Fernando,https://www.primevideo.com/detail/0RIGJDK1LRBBH3K37YMRGIO9VZ/ref=atv_br_def_r_br_c_lAPtVnsmr_1_318
318,Best of The Best,https://www.primevideo.com/detail/0LPIQTH11DBSGZ5G2LELR3KHB9/ref=atv_br_def_r_br_c_lAPtVnsmr_1_319
319,Silk Stalkings,https://www.primevideo.com/detail/0P5603NV26K1X0V3PIRVMKY7FA/ref=atv_br_def_r_br_c_lAPtVnsmr_1_320
320,Wotakoi: Love is Hard for Otaku,https://www.primevideo.com/detail/0STA5HE0R3C1BCXJ9ON11Y8O24/ref=atv_br_def_r_br_c_lAPtVnsmr_1_321
321,Doctor Who,https://www.primevideo.com/detail/0KEMXRYQ3AQDZRMPNN80HHBT3D/ref=atv_br_def_r_br_c_lAPtVnsmr_1_322
322,Penny Dreadful,https://www.primevideo.com/detail/0GHY7EZ8LSMB7H8DD6DJU3A42X/ref=atv_br_def_r_br_c_lAPtVnsmr_1_323
323,Take Us Home: Leeds United,https://www.primevideo.com/detail/0FFOO1LGIIPM8ERCAZVU5YC3S0/ref=atv_br_def_r_br_c_lAPtVnsmr_1_324
324,Yes Minister: Specials,https://www.primevideo.com/detail/0O71DPWQM8NSC8D8NP57U8Q8LR/ref=atv_br_def_r_br_c_lAPtVnsmr_1_325
325,Forensic Files,https://www.primevideo.com/detail/0LL8IASM1XVZ6LZYJ9F25OQBYV/ref=atv_br_def_r_br_c_lAPtVnsmr_1_326
326,12 Monkeys,https://www.primevideo.com/detail/0KN52JLG37KK6F4YL1AKGCT0UP/ref=atv_br_def_r_br_c_lAPtVnsmr_1_327
327,Lorena,https://www.primevideo.com/detail/0HG3ILBNI6DPM2B21FRIRNJ8RV/ref=atv_br_def_r_br_c_lAPtVnsmr_1_328
328,Shaitaan Haveli,https://www.primevideo.com/detail/0MJCV3WV494YKHM0P1XMXADRHJ/ref=atv_br_def_r_br_c_lAPtVnsmr_1_329
329,Startup,https://www.primevideo.com/detail/0FSEYVCW2H5PTHDZY0SBIMXTE7/ref=atv_br_def_r_br_c_lAPtVnsmr_1_330
330,Good Girls Revolt,https://www.primevideo.com/detail/0Q7GS35ERBQV5QPN8ZP9Z9118S/ref=atv_br_def_r_br_c_lAPtVnsmr_1_331
331,House of Lies,https://www.primevideo.com/detail/0HBRMGOA77ZA72F9AQ31AAOU03/ref=atv_br_def_r_br_c_lAPtVnsmr_1_332
332,World's Busiest Cities,https://www.primevideo.com/detail/0MW6ZICET2KF6GWLW6KPKW41GQ/ref=atv_br_def_r_br_c_lAPtVnsmr_1_333
333,Richard Hammond's Engineering Connections,https://www.primevideo.com/detail/0QSTP2BV1N9HWW9LEI4UUU9NE0/ref=atv_br_def_r_br_c_lAPtVnsmr_1_334
334,Famous in Love,https://www.primevideo.com/detail/0TELEB40ZCKNCYD242PUOLQSAE/ref=atv_br_def_r_br_c_lAPtVnsmr_1_335
335,Angie Tribeca,https://www.primevideo.com/detail/0ST8MOWNG8SXRNWL7NEQXCSMGT/ref=atv_br_def_r_br_c_lAPtVnsmr_1_336
336,Lore,https://www.primevideo.com/detail/0N8Y6E9VPAEPST5NDCC8D2NBJV/ref=atv_br_def_r_br_c_lAPtVnsmr_1_337
337,Coupling,https://www.primevideo.com/detail/0FWNQ37L60URN475HCBS92SO0C/ref=atv_br_def_r_br_c_lAPtVnsmr_1_338
338,ONE TREE HILL,https://www.primevideo.com/detail/0KADBWP0QZ9XGCVSSPSPJMYW47/ref=atv_br_def_r_br_c_lAPtVnsmr_1_339
339,Guilt,https://www.primevideo.com/detail/0IZFYAL3PI1VBFI2OFPAZKNS2Z/ref=atv_br_def_r_br_c_lAPtVnsmr_1_340
340,The Good Fight,https://www.primevideo.com/detail/0HKDP2ZV0N9C2O4UWDKKKCUF7B/ref=atv_br_def_r_br_c_lAPtVnsmr_1_341
341,Casual,https://www.primevideo.com/detail/0M2C9HI23ME6FOE8LT4FUWK6ET/ref=atv_br_def_r_br_c_lAPtVnsmr_1_342
342,Travel In Style,https://www.primevideo.com/detail/0TVNI9K12IFBCDOKP31G8CATN9/ref=atv_br_def_r_br_c_lAPtVnsmr_1_343
343,Deutschland,https://www.primevideo.com/detail/0K62S0KS4V9G5UH4E0QO8I6NIC/ref=atv_br_def_r_br_c_lAPtVnsmr_1_344
344,Enginuity,https://www.primevideo.com/detail/0OBB1YOZIYKZRI4SBLIJY0EJGQ/ref=atv_br_def_r_br_c_lAPtVnsmr_1_345
345,The Simple Life,https://www.primevideo.com/detail/0GZ1N3Y2MD35MLZEVO5FG06X99/ref=atv_br_def_r_br_c_lAPtVnsmr_1_346
346,Nikita,https://www.primevideo.com/detail/0JXKZV7HXQ210ZVPPJ92WSZZAY/ref=atv_br_def_r_br_c_lAPtVnsmr_1_347
347,Savage X Fenty Show,https://www.primevideo.com/detail/0Q3BF608IVO4IRBLP0VVCTAGJE/ref=atv_br_def_r_br_c_lAPtVnsmr_1_348
348,Luther,https://www.primevideo.com/detail/0HX4ELLE7LSMCBJRAZCGWOI3PY/ref=atv_br_def_r_br_c_lAPtVnsmr_1_349
349,21 Jump Street,https://www.primevideo.com/detail/0TN56LJSCVTCYWVANB7QHH67G6/ref=atv_br_def_r_br_c_lAPtVnsmr_1_350
350,Dexter,https://www.primevideo.com/detail/0H3CM79VYLLQD4DNOLP0KTCJCH/ref=atv_br_def_r_br_c_lAPtVnsmr_1_351
351,All or Nothing: New Zealand All Blacks,https://www.primevideo.com/detail/0PYZDJFM7UAHE0SMHZXPPIW9YF/ref=atv_br_def_r_br_c_lAPtVnsmr_1_352
352,American Gods - International Release,https://www.primevideo.com/detail/0JKRSI95FVR4US0I4IIQXTM9L7/ref=atv_br_def_r_br_c_lAPtVnsmr_1_353
353,Conviction,https://www.primevideo.com/detail/0Q7ITNUSAE02CRIZ66IJ7BKXJ5/ref=atv_br_def_r_br_c_lAPtVnsmr_1_354
354,Grand Blue Dreaming,https://www.primevideo.com/detail/0R9VJMVT7G1I5K03IUINLFHRBO/ref=atv_br_def_r_br_c_lAPtVnsmr_1_355
355,Preacher,https://www.primevideo.com/detail/0GZ00A14BWA7V9GHWVHXHEN1CB/ref=atv_br_def_r_br_c_lAPtVnsmr_1_356
356,Claws,https://www.primevideo.com/detail/0L8IGTTEF8E43ZSPCJ4OXTLJ0P/ref=atv_br_def_r_br_c_lAPtVnsmr_1_357
357,Too Old to Die Young,https://www.primevideo.com/detail/0MW6T0JY454STWXCZYL3HFR9I0/ref=atv_br_def_r_br_c_lAPtVnsmr_1_358
358,Living Biblically,https://www.primevideo.com/detail/0OO36HX5EFVRV3H12XRZ551C1Q/ref=atv_br_def_r_br_c_lAPtVnsmr_1_359
359,Get Out,https://www.primevideo.com/detail/0IQYW5CDUO1EPEXVJWI4I76SER/ref=atv_br_def_r_br_c_lAPtVnsmr_1_360
360,The Baker and the Beauty,https://www.primevideo.com/detail/0KRENQDJM1VH9SP5CIY4X533YY/ref=atv_br_def_r_br_c_lAPtVnsmr_1_361
361,The Detour,https://www.primevideo.com/detail/0MNLHEHSJVRPDNUALZK2F3KC6O/ref=atv_br_def_r_br_c_lAPtVnsmr_1_362
362,The Trial: A Murder In The Family,https://www.primevideo.com/detail/0JGJY652CZS4O9P3EPI2Q0DT16/ref=atv_br_def_r_br_c_lAPtVnsmr_1_363
363,Boarding School Juliet,https://www.primevideo.com/detail/0LTSZ3J82II8Z1RKZ2H5H7B6T1/ref=atv_br_def_r_br_c_lAPtVnsmr_1_364
364,This is Football,https://www.primevideo.com/detail/0J81WP67NK9CTCTLGZNAIYGZ72/ref=atv_br_def_r_br_c_lAPtVnsmr_1_365
365,Shaktimaan,https://www.primevideo.com/detail/0M6LFGUBW1KLK25J46GB8TARFI/ref=atv_br_def_r_br_c_lAPtVnsmr_1_366
366,THE IDOLM@STER.KR,https://www.primevideo.com/detail/0MAT6S56734JRX6E69ZKXYD18Q/ref=atv_br_def_r_br_c_lAPtVnsmr_1_367
367,Training Day,https://www.primevideo.com/detail/0Q37FSQX81HBRKDBUFDHOMVTQE/ref=atv_br_def_r_br_c_lAPtVnsmr_1_368
368,Akbar Birbal,https://www.primevideo.com/detail/0R1CEKNKCHH9USEY4T70MENM8V/ref=atv_br_def_r_br_c_lAPtVnsmr_1_369
369,Tokyo Alice,https://www.primevideo.com/detail/0MW6TS11FJT00UHXRLONDQND7B/ref=atv_br_def_r_br_c_lAPtVnsmr_1_370
370,Censorship In The Future,https://www.primevideo.com/detail/0M29VC4W8OH1XYOITJ7I93645X/ref=atv_br_def_r_br_c_lAPtVnsmr_1_371
371,Empire Games,https://www.primevideo.com/detail/0N4O6TB3GGV7Q3OXQP8LGT40PQ/ref=atv_br_def_r_br_c_lAPtVnsmr_1_372
372,Hap and Leonard,https://www.primevideo.com/detail/0S3NWDOSP9E3UNHVP4R6P14VZR/ref=atv_br_def_r_br_c_lAPtVnsmr_1_373
373,IRODUKU : The World in Colors,https://www.primevideo.com/detail/0HKCOITVFP9CVME1XXRGPT2R6K/ref=atv_br_def_r_br_c_lAPtVnsmr_1_374
374,A Very English Scandal,https://www.primevideo.com/detail/0TIVE5A2BEIPFG1QEQ6BKILMWR/ref=atv_br_def_r_br_c_lAPtVnsmr_1_375
375,Six Dreams,https://www.primevideo.com/detail/0PYZK5LALI4ATAPUZREI2TXLVF/ref=atv_br_def_r_br_c_lAPtVnsmr_1_376
376,The Neighbors,https://www.primevideo.com/detail/0L8GOIGS356YA9IHGZI7C2K0L1/ref=atv_br_def_r_br_c_lAPtVnsmr_1_377
377,Tokyo Girl,https://www.primevideo.com/detail/0JTBR7EQAYW3DZF5G48WAK4DPV/ref=atv_br_def_r_br_c_lAPtVnsmr_1_378
378,Krazee Foodie - Tamil,https://www.primevideo.com/detail/0GZ0T2O0AOPQGUB13V7PDMMY2Z/ref=atv_br_def_r_br_c_lAPtVnsmr_1_379
379,BEATLESS,https://www.primevideo.com/detail/0HSUS652VW673MGGPPLZXZ6O8C/ref=atv_br_def_r_br_c_lAPtVnsmr_1_380
380,Hand of God,https://www.primevideo.com/detail/0TVLP19BRLHGGQYOI6V4FRT95S/ref=atv_br_def_r_br_c_lAPtVnsmr_1_381
381,Unsolved Mysteries: Original Robert Stack Episodes,https://www.primevideo.com/detail/0HOKGJ4MEMWEEJSIUF8M18QTEY/ref=atv_br_def_r_br_c_lAPtVnsmr_1_382
382,Love Shots,https://www.primevideo.com/detail/0JKRCVQZ6Q7VONSQI5QLIC4HE2/ref=atv_br_def_r_br_c_lAPtVnsmr_1_383
383,Spaced,https://www.primevideo.com/detail/0TRECI0EQJSQ1LCZAZK4IEUKKE/ref=atv_br_def_r_br_c_lAPtVnsmr_1_384
384,That Girl,https://www.primevideo.com/detail/0SP0145GWC7R9HE5H8DJOL6FB5/ref=atv_br_def_r_br_c_lAPtVnsmr_1_385
385,Ray Donovan,https://www.primevideo.com/detail/0M6JXB38THMKP34GNJYVR0EOX3/ref=atv_br_def_r_br_c_lAPtVnsmr_1_386
386,Planet Earth : Set 02,https://www.primevideo.com/detail/0TN5SI4QP96JHOC8CPEQVZXJ8I/ref=atv_br_def_r_br_c_lAPtVnsmr_1_387
387,Scum's Wish,https://www.primevideo.com/detail/0QBQ9VRDQ81ITEXV4FOOOC35E8/ref=atv_br_def_r_br_c_lAPtVnsmr_1_388
388,Man's World,https://www.primevideo.com/detail/0LL81X1LZEHPWBDRA1ADQ6HG8J/ref=atv_br_def_r_br_c_lAPtVnsmr_1_389
389,Red Oaks,https://www.primevideo.com/detail/0LL84J8LI5Z3QBY4K6JHQG0SNW/ref=atv_br_def_r_br_c_lAPtVnsmr_1_390
390,Trial & Error,https://www.primevideo.com/detail/0RE50SOYIFE61ZQ1DFHA1L3D9N/ref=atv_br_def_r_br_c_lAPtVnsmr_1_391
391,"Roswell, New Mexico",https://www.primevideo.com/detail/0JGLI85R5811HNIHBY7SR033L4/ref=atv_br_def_r_br_c_lAPtVnsmr_1_392
392,RAGE OF BAHAMUT VIRGIN SOUL,https://www.primevideo.com/detail/0I1CUDJ93UZV8WZOFXTG81JBVD/ref=atv_br_def_r_br_c_lAPtVnsmr_1_393
393,Gangstars (Tamil),https://www.primevideo.com/detail/0LPJ3EQU6XEX1ESEFKVKV40S3V/ref=atv_br_def_r_br_c_lAPtVnsmr_1_394
394,The Missing,https://www.primevideo.com/detail/0HBS6ZY0KPND19PVCAI8OHR9PM/ref=atv_br_def_r_br_c_lAPtVnsmr_1_395
395,All or Nothing: Brazil National Team,https://www.primevideo.com/detail/0HX6GZPNCEI0JGCPBID3PK5O7I/ref=atv_br_def_r_br_c_lAPtVnsmr_1_396
396,Dispatches From Elsewhere,https://www.primevideo.com/detail/0P0XPMERVMU7I8TO2M7W930DB0/ref=atv_br_def_r_br_c_lAPtVnsmr_1_397
397,Xplore Spain - Tamil,https://www.primevideo.com/detail/0OSCLNDT7EZVDITTRUADWCGX1D/ref=atv_br_def_r_br_c_lAPtVnsmr_1_398
398,Simple Yoga Lessons With AJ,https://www.primevideo.com/detail/0TN4BTUKPO3GJPZU7HZDWRRVAJ/ref=atv_br_def_r_br_c_lAPtVnsmr_1_399
399,"Midnight, Texas",https://www.primevideo.com/detail/0R5NN0IYA6P96ITQNC7AUJYOA7/ref=atv_br_def_r_br_c_lAPtVnsmr_1_400
400,Presumed Guilty,https://www.primevideo.com/detail/0TAC22AAAL4FAAC2DV15MVXXMQ/ref=atv_br_def_r_br_c_lAPtVnsmr_1_401
401,After the Rain,https://www.primevideo.com/detail/0L47GCG67NWW8ALEGQN8QO38KY/ref=atv_br_def_r_br_c_lAPtVnsmr_1_402
402,Peter Gunn,https://www.primevideo.com/detail/0JXKNIU33EFIA4U0XKF5PJ69EW/ref=atv_br_def_r_br_c_lAPtVnsmr_1_403
403,Hunter,https://www.primevideo.com/detail/0QOKVMEFFCUGLED6U6BO6VEKB5/ref=atv_br_def_r_br_c_lAPtVnsmr_1_404
404,Tropical Heat,https://www.primevideo.com/detail/0TVMK63N9R4FH72HJXAW1LV4M1/ref=atv_br_def_r_br_c_lAPtVnsmr_1_405
405,Blue Planet II – Presenter led,https://www.primevideo.com/detail/0Q7JNSYQF76YWJBJOAWA7ZFYEE/ref=atv_br_def_r_br_c_lAPtVnsmr_1_406
406,Mafia Undercover,https://www.primevideo.com/detail/0OSDKCQ2Z1QSBAKSJG96DMBLQE/ref=atv_br_def_r_br_c_lAPtVnsmr_1_407
407,Johnny Bravo,https://www.primevideo.com/detail/0OSC5AEAP4GO7PO78986NVHN27/ref=atv_br_def_r_br_c_lAPtVnsmr_1_408
408,FUKUYADOU HONPO –KYOTO LOVE STORY-,https://www.primevideo.com/detail/0P0VNZSAUI4QY809WBTN9XCJNQ/ref=atv_br_def_r_br_c_lAPtVnsmr_1_409
409,INUYASHIKI LAST HERO,https://www.primevideo.com/detail/0LCQ33PKOI7PBRH7WLESDE7X5G/ref=atv_br_def_r_br_c_lAPtVnsmr_1_410
410,Mozart in the Jungle,https://www.primevideo.com/detail/0JXJPKJ7VBVQ3V6S1LX3YJ1BD1/ref=atv_br_def_r_br_c_lAPtVnsmr_1_411
411,Black Sun,https://www.primevideo.com/detail/0K65YRPN3CVQNTDBQQVLFFMJ17/ref=atv_br_def_r_br_c_lAPtVnsmr_1_412
412,Patriot,https://www.primevideo.com/detail/0LY2GPLW4BWAOJM0E98I1W9L2H/ref=atv_br_def_r_br_c_lAPtVnsmr_1_413
413,Eat the World with Emeril Lagasse,https://www.primevideo.com/detail/0PDMM0HVI8YTE12UBGPV2MVL9N/ref=atv_br_def_r_br_c_lAPtVnsmr_1_414
414,Miracles of Nature,https://www.primevideo.com/detail/0N8XMO40IIWGXJG6U2VMCW0Z6J/ref=atv_br_def_r_br_c_lAPtVnsmr_1_415
415,All American,https://www.primevideo.com/detail/0J811BXDT02OVPNM6UTFB389LJ/ref=atv_br_def_r_br_c_lAPtVnsmr_1_416
416,Cómo Sobrevivir Soltero,https://www.primevideo.com/detail/0O2UCRT9MDE8GCR8MS5NKD4EPL/ref=atv_br_def_r_br_c_lAPtVnsmr_1_417
417,Life Sentence,https://www.primevideo.com/detail/0M6KP8NOKRBLX5AAZAI0BAPL3S/ref=atv_br_def_r_br_c_lAPtVnsmr_1_418
418,You Are Wanted,https://www.primevideo.com/detail/0KVOXJH55WKNT4ZG059VN81605/ref=atv_br_def_r_br_c_lAPtVnsmr_1_419
419,Joanna Lumley's India,https://www.primevideo.com/detail/0QOLGZNA51HA1NSALJA7AKMARB/ref=atv_br_def_r_br_c_lAPtVnsmr_1_420
420,Xplore Bhutan - Tamil,https://www.primevideo.com/detail/0P54XCWA6NJXYRF6IRDHM9HWBR/ref=atv_br_def_r_br_c_lAPtVnsmr_1_421
421,Raja Aur Rancho,https://www.primevideo.com/detail/0J3RMOXOI1HA3KXQWYZUYEV9J5/ref=atv_br_def_r_br_c_lAPtVnsmr_1_422
422,Dilruk Jayasinha: Bundle of Joy,https://www.primevideo.com/detail/0KRHJ1S9FDU49O5CCMBKT06YNQ/ref=atv_br_def_r_br_c_lAPtVnsmr_1_423
423,Well Seasoned - Tamil,https://www.primevideo.com/detail/0HSV887UJQU3NN4N269NLC832S/ref=atv_br_def_r_br_c_lAPtVnsmr_1_424
424,Alone Together,https://www.primevideo.com/detail/0FSE38NN9UCYYOMWXBI6EBVD4C/ref=atv_br_def_r_br_c_lAPtVnsmr_1_425
425,Rick Stein's India,https://www.primevideo.com/detail/0NLRPA1UDX9MK8NVTJSIG0UFDH/ref=atv_br_def_r_br_c_lAPtVnsmr_1_426
426,Unsolved Mysteries with Dennis Farina,https://www.primevideo.com/detail/0KREI708N73MT7EPMM3073ZX6K/ref=atv_br_def_r_br_c_lAPtVnsmr_1_427
427,NOS4A2,https://www.primevideo.com/detail/0SXM0KWLPQIKTAYDI4D40M27PG/ref=atv_br_def_r_br_c_lAPtVnsmr_1_428
428,Amazon Riders,https://www.primevideo.com/detail/0RQXKEOO5LPBG2MGRC5H4JAHLX/ref=atv_br_def_r_br_c_lAPtVnsmr_1_429
429,Karakuri Circus,https://www.primevideo.com/detail/0P0W7USHCFM68GIT1DRVJ3M0MU/ref=atv_br_def_r_br_c_lAPtVnsmr_1_430
430,Mozart in the Jungle,https://www.primevideo.com/detail/0J808DKQS1LKCY37T6AIIZQRND/ref=atv_br_def_r_br_c_lAPtVnsmr_1_431
431,SNG: What If,https://www.primevideo.com/detail/0RE39PY0XEQB7M2285MEU3RH6R/ref=atv_br_def_r_br_c_lAPtVnsmr_1_432
432,Crisis in Six Scenes,https://www.primevideo.com/detail/0G9ER7BSYXBZX3O8RCCNICSQAC/ref=atv_br_def_r_br_c_lAPtVnsmr_1_433
433,Eat. Race. Win.,https://www.primevideo.com/detail/0NYISIB1Y7Q42PAHFH4YPKZCOP/ref=atv_br_def_r_br_c_lAPtVnsmr_1_434
434,Big Cats,https://www.primevideo.com/detail/0GM9ZX2NCZ8EJHRHP22W4USGID/ref=atv_br_def_r_br_c_lAPtVnsmr_1_435
435,Earth's Natural Wonders: Series 2,https://www.primevideo.com/detail/0TADFI6T8VC048SPUJ8K8OKM1R/ref=atv_br_def_r_br_c_lAPtVnsmr_1_436
436,Extraño Enemigo,https://www.primevideo.com/detail/0MAUQZIRZAP6N3T75GN2GQ1K5D/ref=atv_br_def_r_br_c_lAPtVnsmr_1_437
437,Tiger: Spy in the Jungle,https://www.primevideo.com/detail/0S80CTZOIL510J9F20OXP4LHBU/ref=atv_br_def_r_br_c_lAPtVnsmr_1_438
438,Lifeline,https://www.primevideo.com/detail/0RV8FC08R6FTSWEGWWBS297V6Z/ref=atv_br_def_r_br_c_lAPtVnsmr_1_439
439,Popeye: The Continuing Adventures,https://www.primevideo.com/detail/0P549DW6R7BN66WE88XQ0MY5E0/ref=atv_br_def_r_br_c_lAPtVnsmr_1_440
440,The Last Tycoon,https://www.primevideo.com/detail/0I1D5Z7373HX8NZJ34N3DVQRBO/ref=atv_br_def_r_br_c_lAPtVnsmr_1_441
441,Tyohaar Ki Thaali,https://www.primevideo.com/detail/0P9G8PK5U1S1DJBBQL48A3Z2H6/ref=atv_br_def_r_br_c_lAPtVnsmr_1_442
442,Lifeline,https://www.primevideo.com/detail/0RV8FC08R6FTSWEGWWBS297V6Z/ref=atv_br_def_r_br_c_lAPtVnsmr_1_443
443,That Girl,https://www.primevideo.com/detail/0QX23W5906NVDS4NFWPDYZL1OO/ref=atv_br_def_r_br_c_lAPtVnsmr_1_444
444,Transparent,https://www.primevideo.com/detail/0FBB20H9K6PO8HZ9IX6EF3BQQV/ref=atv_br_def_r_br_c_lAPtVnsmr_1_445
445,Mozart in the Jungle,https://www.primevideo.com/detail/0QX1HV46SQRWSIYAG9F6YF2EN8/ref=atv_br_def_r_br_c_lAPtVnsmr_1_446
446,Feed the Beast,https://www.primevideo.com/detail/0IIE53XCKQFX5XUFYVVZ6ONSNE/ref=atv_br_def_r_br_c_lAPtVnsmr_1_447
447,Campo de estrellas,https://www.primevideo.com/detail/0T1SW4MCLWMKHBDKR0CQ9UTDMQ/ref=atv_br_def_r_br_c_lAPtVnsmr_1_448
448,The Lost World,https://www.primevideo.com/detail/0J3QRDHDRMUHQQL0AKGV3OO00Q/ref=atv_br_def_r_br_c_lAPtVnsmr_1_449
449,Kanan Gill: How Insensitive,https://www.primevideo.com/detail/0G9EPVGVZZ283K3ITHQ0DZ6GKR/ref=atv_br_def_r_br_c_lAPtVnsmr_1_450
450,PSYCHO-PASS 3,https://www.primevideo.com/detail/0GMA6H790B7EMLNVN83K54XMRA/ref=atv_br_def_r_br_c_lAPtVnsmr_1_451
451,Upside Down Pilates,https://www.primevideo.com/detail/0HOMA5F0DF1AWDMREG6Y4YM9GK/ref=atv_br_def_r_br_c_lAPtVnsmr_1_452
452,Anne Edmonds: What's Wrong With You?,https://www.primevideo.com/detail/0PQIJHNQX2NWZJP07KMW18RTO8/ref=atv_br_def_r_br_c_lAPtVnsmr_1_453
453,Jim Gaffigan: Quality Time,https://www.primevideo.com/detail/0FJWVEQO46PMMI8F3NRWA9R4RO/ref=atv_br_def_r_br_c_lAPtVnsmr_1_454
454,Time After Time,https://www.primevideo.com/detail/0I5M7J70UJJM3SNORYKCCMPUKC/ref=atv_br_def_r_br_c_lAPtVnsmr_1_455
455,Hap and Leonard,https://www.primevideo.com/detail/0J3Q2DILMYG83JRURJDOD5F6A4/ref=atv_br_def_r_br_c_lAPtVnsmr_1_456
456,KABANERI OF THE IRON FORTRESS,https://www.primevideo.com/detail/0RZEFBL1OD645JKV7M9S8QG1XR/ref=atv_br_def_r_br_c_lAPtVnsmr_1_457
457,All American,https://www.primevideo.com/detail/0SKSW028HBTSX5DIRL6PUWJMA0/ref=atv_br_def_r_br_c_lAPtVnsmr_1_458
458,Saekano♭ How to Raise a Boring Girlfriend.flat,https://www.primevideo.com/detail/0OB9U29Z6EEPZDSKM558LAVFLD/ref=atv_br_def_r_br_c_lAPtVnsmr_1_459
459,Coupling,https://www.primevideo.com/detail/0I5NBPU3S8W7WFHIVZGDUHT2QG/ref=atv_br_def_r_br_c_lAPtVnsmr_1_460
460,Roadies,https://www.primevideo.com/detail/0L466WBQKPTWT26LEY9RXUUJY2/ref=atv_br_def_r_br_c_lAPtVnsmr_1_461
461,ONIHEI,https://www.primevideo.com/detail/0S3O1WNHJUF8AMS5YM6D33MBGI/ref=atv_br_def_r_br_c_lAPtVnsmr_1_462
462,The Challenge: ETA,https://www.primevideo.com/detail/0QKD6WQ5M4MHBG4CIP34FSDOSF/ref=atv_br_def_r_br_c_lAPtVnsmr_1_463
463,4 Blocks,https://www.primevideo.com/detail/0TZW2EPTTR3B8TJY5Z8FV5M9RX/ref=atv_br_def_r_br_c_lAPtVnsmr_1_464
464,Dexter,https://www.primevideo.com/detail/0P57G41KL6HEOPEZS6ASVGDKA5/ref=atv_br_def_r_br_c_lAPtVnsmr_1_465
465,The Simple Life,https://www.primevideo.com/detail/0GDQH4TTOCG4CYDRNLF4IRBUK3/ref=atv_br_def_r_br_c_lAPtVnsmr_1_466
466,Johnny Bravo,https://www.primevideo.com/detail/0J3QIB25YZ9OSN6IW4BOY42ZZG/ref=atv_br_def_r_br_c_lAPtVnsmr_1_467
467,Re:CREATORS,https://www.primevideo.com/detail/0S3OBK0M9AO97Z8IK4GNCZDYC6/ref=atv_br_def_r_br_c_lAPtVnsmr_1_468
468,21 Jump Street,https://www.primevideo.com/detail/0IE76GFNSSOZF7Q143BRC2R60W/ref=atv_br_def_r_br_c_lAPtVnsmr_1_469
469,Caligula,https://www.primevideo.com/detail/0L8HNZIFBXO601DRV9TGNKMW8M/ref=atv_br_def_r_br_c_lAPtVnsmr_1_470
470,The Rook,https://www.primevideo.com/detail/0JTD5ZESWT599YICIRXUYC8WQ5/ref=atv_br_def_r_br_c_lAPtVnsmr_1_471
471,Paul Chowdhry: Live Innit,https://www.primevideo.com/detail/0FJWZ4RHNNJQ1YKVQXEWXRL35M/ref=atv_br_def_r_br_c_lAPtVnsmr_1_472
472,Almirante Hotel,https://www.primevideo.com/detail/0M2D6M7WSMG8HCL6A9YX5M0BUL/ref=atv_br_def_r_br_c_lAPtVnsmr_1_473
473,You Are Wanted,https://www.primevideo.com/detail/0JXLAZL5K0MHP2W5RAN86DAIK8/ref=atv_br_def_r_br_c_lAPtVnsmr_1_474
474,The Missing,https://www.primevideo.com/detail/0MNLK7WICZ8XWC805S6KQX2KYW/ref=atv_br_def_r_br_c_lAPtVnsmr_1_475
475,Beat,https://www.primevideo.com/detail/0QOKMY2XSWTHTZPNNO6GI7P8AJ/ref=atv_br_def_r_br_c_lAPtVnsmr_1_476
476,Final Life,https://www.primevideo.com/detail/0LLAUE8VVCBSJIH26XDRH2QXHK/ref=atv_br_def_r_br_c_lAPtVnsmr_1_477
477,Dark Forest,https://www.primevideo.com/detail/0LCQXV6YQESSMRSEC7CCARDPRK/ref=atv_br_def_r_br_c_lAPtVnsmr_1_478
478,Man in Arms,https://www.primevideo.com/detail/0OJU73EGE0CL3SOEB2TO1LZ4YN/ref=atv_br_def_r_br_c_lAPtVnsmr_1_479
479,The Missing,https://www.primevideo.com/detail/0GHY5G9II5Q7PEVTF0LK99JMCA/ref=atv_br_def_r_br_c_lAPtVnsmr_1_480
480,Enginuity,https://www.primevideo.com/detail/0PDO5NJXWV1F4PSZS1JZTN5E0Y/ref=atv_br_def_r_br_c_lAPtVnsmr_1_481
481,Killing Bites,https://www.primevideo.com/detail/0MRVSM1T136FONGZILXO7BOX9G/ref=atv_br_def_r_br_c_lAPtVnsmr_1_482
482,BATTERY the animation,https://www.primevideo.com/detail/0JC8DP1NK4BAURRXE4L63MSQBP/ref=atv_br_def_r_br_c_lAPtVnsmr_1_483
483,Snog Marry Avoid?,https://www.primevideo.com/detail/0MRWAF7ALP38EOKTVTL0YMP5XG/ref=atv_br_def_r_br_c_lAPtVnsmr_1_484
484,Major Crimes,https://www.primevideo.com/detail/0I1CFUALGQLFV77LSPJZGPIT0J/ref=atv_br_def_r_br_c_lAPtVnsmr_1_485
485,Silk Stalkings,https://www.primevideo.com/detail/0KAEGXZSEXQHYCY8ZKV651M12M/ref=atv_br_def_r_br_c_lAPtVnsmr_1_486
486,Water Rats,https://www.primevideo.com/detail/0PHXTGFAS98SN3MIEC6Q74DDRE/ref=atv_br_def_r_br_c_lAPtVnsmr_1_487
487,Seven Senses of the Re’Union,https://www.primevideo.com/detail/0K64D00TCHCHVDKABAJ62Z8U2C/ref=atv_br_def_r_br_c_lAPtVnsmr_1_488
488,4 Blocks,https://www.primevideo.com/detail/0M2AQH4DAUL1KZJI6ZQSCYPFAE/ref=atv_br_def_r_br_c_lAPtVnsmr_1_489
489,One Mississippi,https://www.primevideo.com/detail/0OSBCJ6G0JYPBDQZZLJ467Q40F/ref=atv_br_def_r_br_c_lAPtVnsmr_1_490
490,Travel In Style,https://www.primevideo.com/detail/0H7L0AA807P5X4O4K8YKKOEUWU/ref=atv_br_def_r_br_c_lAPtVnsmr_1_491
491,Secret Lives of Dogs: Series 2,https://www.primevideo.com/detail/0P9G1FR63XMD7BTVLG83UPUYCE/ref=atv_br_def_r_br_c_lAPtVnsmr_1_492
492,The Commish,https://www.primevideo.com/detail/0PDOXVW41UKN8S4U2JHJ7ZDKEO/ref=atv_br_def_r_br_c_lAPtVnsmr_1_493
493,Yogacity,https://www.primevideo.com/detail/0U47GSZWMJGL2QACHQ4QI1YTH3/ref=atv_br_def_r_br_c_lAPtVnsmr_1_494
494,Caribbean Thunder,https://www.primevideo.com/detail/0RV72I12WMG0UHF1B1O4CGZ0SJ/ref=atv_br_def_r_br_c_lAPtVnsmr_1_495
495,Son of Abish,https://www.primevideo.com/detail/0PM5H9YOM1VNXUZ0XHB5EPB5OJ/ref=atv_br_def_r_br_c_lAPtVnsmr_1_496
496,The Elephants' Empire,https://www.primevideo.com/detail/0LY21MLUXR7QDT7400LYWY31SL/ref=atv_br_def_r_br_c_lAPtVnsmr_1_497
497,Top 10 Architecture,https://www.primevideo.com/detail/0MF3IVK3UUDJUFXSJYV74JYWR4/ref=atv_br_def_r_br_c_lAPtVnsmr_1_498
498,England's Forgotten Queen: The Life And Death of Lady Jane Gray,https://www.primevideo.com/detail/0MW5UI84JTB41UND1D7FB1LEEG/ref=atv_br_def_r_br_c_lAPtVnsmr_1_499
499,Teen Wolf,https://www.primevideo.com/detail/0G9FMD5E4NTCY6DS7I651WWEHD/ref=atv_br_def_r_br_c_lAPtVnsmr_1_500
500,Angie Tribeca,https://www.primevideo.com/detail/0TEJW689JG92H2NVPDKHDV2566/ref=atv_br_def_r_br_c_lAPtVnsmr_1_501
501,Variety Vantulu,https://www.primevideo.com/detail/0PUPXGZ05UWGAAO7IP6SENFYHI/ref=atv_br_def_r_br_c_lAPtVnsmr_1_502
502,Kolkata with Sue Perkins,https://www.primevideo.com/detail/0LCS3NUCELKEUHFL7GGFKW02SA/ref=atv_br_def_r_br_c_lAPtVnsmr_1_503
503,Unusual Cultures,https://www.primevideo.com/detail/0JGJ5UBJ7584BS4SFVC66I2JFQ/ref=atv_br_def_r_br_c_lAPtVnsmr_1_504
504,Welcome to the Ballroom,https://www.primevideo.com/detail/0RQW8JPVWDZEPDOSOOM1VETH8D/ref=atv_br_def_r_br_c_lAPtVnsmr_1_505
505,Collision,https://www.primevideo.com/detail/0IV7OYL75515V4YM7PXNIA4HR0/ref=atv_br_def_r_br_c_lAPtVnsmr_1_506
506,Inside Jokes,https://www.primevideo.com/detail/0HKCS4XJE1ZFMR7VQGWHB7K3VE/ref=atv_br_def_r_br_c_lAPtVnsmr_1_507
507,BABYLON,https://www.primevideo.com/detail/0PURGMAG9R4B8E1YRZTFXN6FN7/ref=atv_br_def_r_br_c_lAPtVnsmr_1_508
508,The Collection,https://www.primevideo.com/detail/0N4MXDQNILE90JPA4R9T450ME8/ref=atv_br_def_r_br_c_lAPtVnsmr_1_509
509,Altair: A Record of Battles,https://www.primevideo.com/detail/0KN52X756UBFKW2FI36S8ZT67K/ref=atv_br_def_r_br_c_lAPtVnsmr_1_510
510,De la vida al plato,https://www.primevideo.com/detail/0GZ3DA0JOX4J7V58GMPDSBHJXS/ref=atv_br_def_r_br_c_lAPtVnsmr_1_511
511,Lodge 49,https://www.primevideo.com/detail/0HG31IUTI7Q1K46M07UZOJD4ZU/ref=atv_br_def_r_br_c_lAPtVnsmr_1_512
512,Jim Gaffigan: The Pale Tourist,https://www.primevideo.com/detail/0KEPG68HW0PT1VDND8CY7I0HVH/ref=atv_br_def_r_br_c_lAPtVnsmr_1_513
513,Inside Borussia Dortmund,https://www.primevideo.com/detail/0NUATVUJ8LID0A781O5JJESW7X/ref=atv_br_def_r_br_c_lAPtVnsmr_1_514
514,David Attenborough - 60 Years in the Wild,https://www.primevideo.com/detail/0OBCF2AXM8PBP5ZCQ4F1ENEYAL/ref=atv_br_def_r_br_c_lAPtVnsmr_1_515
515,The Neighbors,https://www.primevideo.com/detail/0LPIJO3ZNT3J0Q8QQAR22S9IX3/ref=atv_br_def_r_br_c_lAPtVnsmr_1_516
516,Tokyo Vampire Hotel,https://www.primevideo.com/detail/0IE6BNGAVIT8MYEU8XGFBFN5RN/ref=atv_br_def_r_br_c_lAPtVnsmr_1_517
517,An Unknown Enemy,https://www.primevideo.com/detail/0LY2BT7U9NWWNF75X0T9SPR8XN/ref=atv_br_def_r_br_c_lAPtVnsmr_1_518
518,Falling Water,https://www.primevideo.com/detail/0QFZJGWI4B4IW4AR0MRNAOEAYP/ref=atv_br_def_r_br_c_lAPtVnsmr_1_519
519,Ross Kemp Return to Afghanistan,https://www.primevideo.com/detail/0OFKQ4POSZTLQOHOKN1I25R9MS/ref=atv_br_def_r_br_c_lAPtVnsmr_1_520
520,Unsolved Mysteries: Original Robert Stack Episodes,https://www.primevideo.com/detail/0NLPIIE8QJ9E08N09K8DSWN6UF/ref=atv_br_def_r_br_c_lAPtVnsmr_1_521
521,Hand of God,https://www.primevideo.com/detail/0TVM0QT3Z005C0OL1B5VW5MMBX/ref=atv_br_def_r_br_c_lAPtVnsmr_1_522
522,The Great Passage,https://www.primevideo.com/detail/0QSRTUGJ9IRBPEURQRM7JP7AMI/ref=atv_br_def_r_br_c_lAPtVnsmr_1_523
523,The Adventures of Robin Hood,https://www.primevideo.com/detail/0LCPYU9BOHPKPUK2M244IZEPD1/ref=atv_br_def_r_br_c_lAPtVnsmr_1_524
524,Strike Force,https://www.primevideo.com/detail/0IIGDKXRWUV5D88KQ47KAYK6UG/ref=atv_br_def_r_br_c_lAPtVnsmr_1_525
525,KOKKOKU,https://www.primevideo.com/detail/0OO30SVU8DVOU9V2JPL9FHBFQH/ref=atv_br_def_r_br_c_lAPtVnsmr_1_526
526,Full Disclosure,https://www.primevideo.com/detail/0HX583L0CJI2O1BDXVS0F3DVUS/ref=atv_br_def_r_br_c_lAPtVnsmr_1_527
527,MAD World,https://www.primevideo.com/detail/0G56HPQX16YMKRXPS8IZWH1HF7/ref=atv_br_def_r_br_c_lAPtVnsmr_1_528
528,DIVE!!,https://www.primevideo.com/detail/0GZ01HLQ02Y469UZBAE2LHHRT1/ref=atv_br_def_r_br_c_lAPtVnsmr_1_529
529,Die Trying,https://www.primevideo.com/detail/0ND75C4T0RZA3XMPBPXE3NIHVW/ref=atv_br_def_r_br_c_lAPtVnsmr_1_530
530,The Kacey Musgraves Christmas Show,https://www.primevideo.com/detail/0R1E3CDPMW505LR4TAPEEZNUDU/ref=atv_br_def_r_br_c_lAPtVnsmr_1_531
531,Tommy Little: Self-Diagnosed Genius,https://www.primevideo.com/detail/0H7LY5ZKKBM1MIW0244WE9O2C4/ref=atv_br_def_r_br_c_lAPtVnsmr_1_532
532,Deadly Game,https://www.primevideo.com/detail/0STAMWLVGOXC27I1B3CF8URRY9/ref=atv_br_def_r_br_c_lAPtVnsmr_1_533
533,Hunter,https://www.primevideo.com/detail/0TIVZ2V9E3TEGKLCE6EWDU75CS/ref=atv_br_def_r_br_c_lAPtVnsmr_1_534
534,The Incredible Journey of Mary Bryant,https://www.primevideo.com/detail/0FBBUWRIHT8VMT8UZ09D5W07S1/ref=atv_br_def_r_br_c_lAPtVnsmr_1_535
535,All Or Nothing,https://www.primevideo.com/detail/0PDNHHA0ST97OGDWNESE6F0B28/ref=atv_br_def_r_br_c_lAPtVnsmr_1_536
536,Elusive Folk,https://www.primevideo.com/detail/0QOKCFCXVTNPQMM5P242J8BQYX/ref=atv_br_def_r_br_c_lAPtVnsmr_1_537
537,Invention Story,https://www.primevideo.com/detail/0GUTT2J5MFM1K4AYWCH0KKGBVY/ref=atv_br_def_r_br_c_lAPtVnsmr_1_538
538,Spaced,https://www.primevideo.com/detail/0SXK6HU0J8J0N4MPZ740EFTX09/ref=atv_br_def_r_br_c_lAPtVnsmr_1_539
539,Popeye: The Continuing Adventures,https://www.primevideo.com/detail/0QBQRJXUSYOV4LSXC3ENAMBLM5/ref=atv_br_def_r_br_c_lAPtVnsmr_1_540
540,Idris Elba: King of Speed,https://www.primevideo.com/detail/0R5M43KM8IM13NM77W67BMK2DV/ref=atv_br_def_r_br_c_lAPtVnsmr_1_541
541,Weird Wonder's of the World,https://www.primevideo.com/detail/0J3SI13UUVYJRG6ADC6VAAMOCM/ref=atv_br_def_r_br_c_lAPtVnsmr_1_542
542,Celia Pacquola: All Talk,https://www.primevideo.com/detail/0NHIXV78Q42ZTCDZGC60EFOANK/ref=atv_br_def_r_br_c_lAPtVnsmr_1_543
543,Alice Fraser: Savage,https://www.primevideo.com/detail/0K669KI0YVXDCC9DQOZJVPZRK6/ref=atv_br_def_r_br_c_lAPtVnsmr_1_544
544,Jaguar Adventure with Nigel Marven,https://www.primevideo.com/detail/0ND7KG7NBZ1VG83238HR80D5G3/ref=atv_br_def_r_br_c_lAPtVnsmr_1_545
545,Meerkat Manor,https://www.primevideo.com/detail/0I1E41GZR44VB32FUH7N7VCX0E/ref=atv_br_def_r_br_c_lAPtVnsmr_1_546
546,Subete a mi Moto,https://www.primevideo.com/detail/0KRHXS8CKBC9D16RTWEK5F70U1/ref=atv_br_def_r_br_c_lAPtVnsmr_1_547
547,Tropical Heat,https://www.primevideo.com/detail/0Q382RXOEOO0I68CZANJPEFT4H/ref=atv_br_def_r_br_c_lAPtVnsmr_1_548
548,Paul Chowdhry: Live Innit,https://www.primevideo.com/detail/0NUANV9Z1AWL702ZI8WP9ZUJ12/ref=atv_br_def_r_br_c_lAPtVnsmr_1_549
549,Unsolved Mysteries with Dennis Farina,https://www.primevideo.com/detail/0O2R6HU37I2GO28NAWOXIBAAOA/ref=atv_br_def_r_br_c_lAPtVnsmr_1_550
550,Umeed India,https://www.primevideo.com/detail/0R1DVRVEWVKTAYVM6D9INC3JZ9/ref=atv_br_def_r_br_c_lAPtVnsmr_1_551
551,Inside Borussia Dortmund,https://www.primevideo.com/detail/0IZJ256L8VWH8GTTONT9B0EIIZ/ref=atv_br_def_r_br_c_lAPtVnsmr_1_552
552,Animals With Cameras (Presenterless),https://www.primevideo.com/detail/0KEOHADQQ0ECTNRM87PO4DXN8M/ref=atv_br_def_r_br_c_lAPtVnsmr_1_553
553,Dropkick on my Devil!,https://www.primevideo.com/detail/0SP0YIS05HRN7BOYGXAKF1MQB0/ref=atv_br_def_r_br_c_lAPtVnsmr_1_554
554,Home of Fabulous Cakes,https://www.primevideo.com/detail/0KIWSXK79DY8HBF5QZ5CL22IMW/ref=atv_br_def_r_br_c_lAPtVnsmr_1_555
555,Beverly Hills Teen Club,https://www.primevideo.com/detail/0RQVZYQFV0JFKNUKZ3VFYQ8JBJ/ref=atv_br_def_r_br_c_lAPtVnsmr_1_556
556,Changing Seas,https://www.primevideo.com/detail/0Q38S33FB4D09ZCQENUZY8LTXW/ref=atv_br_def_r_br_c_lAPtVnsmr_1_557
557,Pistorius,https://www.primevideo.com/detail/0IIG306FBJEUG67FBOAMQ62NHZ/ref=atv_br_def_r_br_c_lAPtVnsmr_1_558
558,Ruchi's Kitchen,https://www.primevideo.com/detail/0I1DW2XHJIEJATBQKSIEPW2N07/ref=atv_br_def_r_br_c_lAPtVnsmr_1_559
559,Britain's Biggest Adventures with Bear Grylls,https://www.primevideo.com/detail/0JTD7T6W2DCHNB1AW579YEAQON/ref=atv_br_def_r_br_c_lAPtVnsmr_1_560
560,Stingray,https://www.primevideo.com/detail/0R5MT5Z3C2F2ZZRWP4A6SMJHI6/ref=atv_br_def_r_br_c_lAPtVnsmr_1_561
561,Murphy Brown,https://www.primevideo.com/detail/0RQXL8RL463D68SG2LUBP2GHWQ/ref=atv_br_def_r_br_c_lAPtVnsmr_1_562
562,#IMomSoHard Live,https://www.primevideo.com/detail/0R9WOJ886VSXP8XR9LUVKBIV7J/ref=atv_br_def_r_br_c_lAPtVnsmr_1_563
563,Ruchkar Mejwani Karwar Special,https://www.primevideo.com/detail/0KZY3Q0NOECJCQ5DIIREZDV8MD/ref=atv_br_def_r_br_c_lAPtVnsmr_1_564
564,Food Factory - Supersized,https://www.primevideo.com/detail/0P0X4U1H3YJQTGIV80FCLTRSF8/ref=atv_br_def_r_br_c_lAPtVnsmr_1_565
565,Happy Sugar Life,https://www.primevideo.com/detail/0JP2KOCTCK273FDG78308B6ZUW/ref=atv_br_def_r_br_c_lAPtVnsmr_1_566
566,Renegade,https://www.primevideo.com/detail/0I9XSS4V8LD57ZV28IHRF4BXQ7/ref=atv_br_def_r_br_c_lAPtVnsmr_1_567
567,The Real McCoys,https://www.primevideo.com/detail/0HOL2SZ9Q4PU6BKZLUI0B4INOH/ref=atv_br_def_r_br_c_lAPtVnsmr_1_568
568,Peter Gunn,https://www.primevideo.com/detail/0NHG5853NA23AM0RKXBDMU9Q4G/ref=atv_br_def_r_br_c_lAPtVnsmr_1_569
569,Earth's Natural Wonders: Series 2,https://www.primevideo.com/detail/0PDPHQ9CHA9OK3SKDJ0TZNEHCQ/ref=atv_br_def_r_br_c_lAPtVnsmr_1_570
570,Random Gappa,https://www.primevideo.com/detail/0L47VQJS6MGR34MXYGLBDO9BM7/ref=atv_br_def_r_br_c_lAPtVnsmr_1_571
571,Bake It With Neha,https://www.primevideo.com/detail/0LTSC605HZY6DNEIWINLR7UBJ2/ref=atv_br_def_r_br_c_lAPtVnsmr_1_572
572,Flavor of Love,https://www.primevideo.com/detail/0FO4KFW2S2BMMSWWEY4DOOQYXG/ref=atv_br_def_r_br_c_lAPtVnsmr_1_573
573,Ferro,https://www.primevideo.com/detail/0U8HK1D456WF67CYRZ4ZV85TMW/ref=atv_br_def_r_br_c_lAPtVnsmr_1_574
574,MAGI The Tensho Boys’ Embassy,https://www.primevideo.com/detail/0J818XTI4T3YBXGEDXB3RTI0K0/ref=atv_br_def_r_br_c_lAPtVnsmr_1_575
575,Amazon Riders,https://www.primevideo.com/detail/0PUPUBBMZ2EAZ1T6UW2RJOQ52M/ref=atv_br_def_r_br_c_lAPtVnsmr_1_576
576,Blue Planet II - Making Of,https://www.primevideo.com/detail/0KEOHAETK57YPH5VI00O2FVC6E/ref=atv_br_def_r_br_c_lAPtVnsmr_1_577
577,Ilana Glazer: The Planet Is Burning,https://www.primevideo.com/detail/0OBCS7PEKJZA8S48A9C2ZNRXHD/ref=atv_br_def_r_br_c_lAPtVnsmr_1_578
578,Mr. Lucky,https://www.primevideo.com/detail/0O71DDBXRM1TMG0VDDPJ0O36BQ/ref=atv_br_def_r_br_c_lAPtVnsmr_1_579
579,Ruchkar Mejwani Bordi Special,https://www.primevideo.com/detail/0F734HN8KQ4WWPP8G9PZT5PEUM/ref=atv_br_def_r_br_c_lAPtVnsmr_1_580
580,Queen Sugar,https://www.primevideo.com/detail/0TAAFC606W1VBG2BBMK8PTCREZ/ref=atv_br_def_r_br_c_lAPtVnsmr_1_581
581,Dietland,https://www.primevideo.com/detail/0IMPDBFVODYUY1AH3GRQ0PX7VD/ref=atv_br_def_r_br_c_lAPtVnsmr_1_582
582,MAGICAL GIRL SITE,https://www.primevideo.com/detail/0SKR8EVD0XYSEY6Z3O86ICJPEM/ref=atv_br_def_r_br_c_lAPtVnsmr_1_583
583,EIC vs The World,https://www.primevideo.com/detail/0QX1HBJSLATMXA7L0FIZGVKS9U/ref=atv_br_def_r_br_c_lAPtVnsmr_1_584
584,Glorious Gardens from Above,https://www.primevideo.com/detail/0P9EQA0EZ4ABKQD60GKB47OSEL/ref=atv_br_def_r_br_c_lAPtVnsmr_1_585
585,To The Ends of the Earth (BBC Series),https://www.primevideo.com/detail/0OWLJ0CDOD7Y4TNLEXMO5GVNEV/ref=atv_br_def_r_br_c_lAPtVnsmr_1_586
586,On the Yorkshire Buses,https://www.primevideo.com/detail/0O2SD8PN1T7ZRMJFEKG1QAX5WP/ref=atv_br_def_r_br_c_lAPtVnsmr_1_587
587,It's A Vet's Life,https://www.primevideo.com/detail/0O2SD0ZEQ4VTUOMRN8TE9XBQ5L/ref=atv_br_def_r_br_c_lAPtVnsmr_1_588
588,Chris Ramsey: Approval Needed,https://www.primevideo.com/detail/0RV808QUCUHL9KH1LSK0TFJMLO/ref=atv_br_def_r_br_c_lAPtVnsmr_1_589
589,Alice Wetterlund: My Mama Is A Human And So Am I,https://www.primevideo.com/detail/0S3QUSUQU505RXUJE133XGBVD6/ref=atv_br_def_r_br_c_lAPtVnsmr_1_590
590,Waterpeople,https://www.primevideo.com/detail/0NYIXM2SGPK4WWYO3YSPR9IKOI/ref=atv_br_def_r_br_c_lAPtVnsmr_1_591
591,A Long Strange Trip,https://www.primevideo.com/detail/0R1BEV6MMRV1OMK5P7KCFP3KC5/ref=atv_br_def_r_br_c_lAPtVnsmr_1_592
592,The Storytellers in the Living Room,https://www.primevideo.com/detail/0IV6TTLQZEAM1D79T779ISL992/ref=atv_br_def_r_br_c_lAPtVnsmr_1_593
593,Booker,https://www.primevideo.com/detail/0RQY5S0I36QB701UTPK9KF7Z4W/ref=atv_br_def_r_br_c_lAPtVnsmr_1_594
594,Judith Lucy: Judith Lucy Vs Men,https://www.primevideo.com/detail/0STCB6YTYVC2XVURGXK6FYQ4L2/ref=atv_br_def_r_br_c_lAPtVnsmr_1_595
595,Jayde Adams: Serious Black Jumper,https://www.primevideo.com/detail/0JGL8UD68WOREG6CQIZ3S2TDP0/ref=atv_br_def_r_br_c_lAPtVnsmr_1_596
596,Lemur Street,https://www.primevideo.com/detail/0FJVPE5P1K6T9LMSLK8JNOTZC4/ref=atv_br_def_r_br_c_lAPtVnsmr_1_597
597,Gina Brillon: The Floor is Lava,https://www.primevideo.com/detail/0SKTIAK07OJGMTZ5NYZPNIW6BW/ref=atv_br_def_r_br_c_lAPtVnsmr_1_598
598,Zoë Coombs Marr: Bossy Bottom,https://www.primevideo.com/detail/0JGLJSLXIFTXV5D52FAXJGLK8P/ref=atv_br_def_r_br_c_lAPtVnsmr_1_599
599,United,https://www.primevideo.com/detail/0LY28KS2C9VWX8NVNRLR9OQJ5X/ref=atv_br_def_r_br_c_lAPtVnsmr_1_600
600,Casanova: PBS Masterpiece Theatre - The Complete Series,https://www.primevideo.com/detail/0GM8UZXQCN8E7AEZAL135NZBRW/ref=atv_br_def_r_br_c_lAPtVnsmr_1_601
601,Businessmen vs. Aliens,https://www.primevideo.com/detail/0OWM7XZG0000BE6GU9NQRKE293/ref=atv_br_def_r_br_c_lAPtVnsmr_1_602
602,Unsolved Mysteries with Dennis Farina,https://www.primevideo.com/detail/0KVNYHJQHH22JRAKZ5U9JTBVA4/ref=atv_br_def_r_br_c_lAPtVnsmr_1_603
603,Falling Water,https://www.primevideo.com/detail/0MNMBXXMAD4Z04VU88MJS2A4PC/ref=atv_br_def_r_br_c_lAPtVnsmr_1_604
604,Regular Heroes,https://www.primevideo.com/detail/0RMPWJWCT56NQE0OPLTWG2EC2I/ref=atv_br_def_r_br_c_lAPtVnsmr_1_605
605,Ruchi's Kitchen,https://www.primevideo.com/detail/0RZFYZHPG7AQZUNO6LJI8LHPC6/ref=atv_br_def_r_br_c_lAPtVnsmr_1_606
606,Сentenarian rules of life,https://www.primevideo.com/detail/0IR00HMUKDPG4C4KS1XB1I0WBE/ref=atv_br_def_r_br_c_lAPtVnsmr_1_607
607,The Salento Murders,https://www.primevideo.com/detail/0LCQNJXWZYZDL6FXR0VXNQC04F/ref=atv_br_def_r_br_c_lAPtVnsmr_1_608
608,The Seduction of Smoking,https://www.primevideo.com/detail/0MAUXOEQJ4XZXHWI2YK5CZVTLD/ref=atv_br_def_r_br_c_lAPtVnsmr_1_609
609,Tropical Heat,https://www.primevideo.com/detail/0ND6NVJUR6AC57V7XPT2M8YIVU/ref=atv_br_def_r_br_c_lAPtVnsmr_1_610
610,Raftaar,https://www.primevideo.com/detail/0N4N2A7HFAOVXJVQ8Z8A5VZJ22/ref=atv_br_def_r_br_c_lAPtVnsmr_1_611
611,Unsolved Mysteries: Original Robert Stack Episodes,https://www.primevideo.com/detail/0I9VVE1H2BRZO0FII9FHBQQ8C9/ref=atv_br_def_r_br_c_lAPtVnsmr_1_612
612,Snog Marry Avoid?,https://www.primevideo.com/detail/0SXJTTLI3L8X6J0JN47HD4C00Y/ref=atv_br_def_r_br_c_lAPtVnsmr_1_613
613,Loudermilk,https://www.primevideo.com/detail/0PYYXOX2Q3SL3J7SMYAAS9SZSJ/ref=atv_br_def_r_br_c_lAPtVnsmr_1_614
614,The Red Line,https://www.primevideo.com/detail/0GUSKOP3WGEIP9OXP2JQQP935V/ref=atv_br_def_r_br_c_lAPtVnsmr_1_615
615,All or Nothing: The Michigan Wolverines,https://www.primevideo.com/detail/0IMP6DUWVNR10HL2H47WJ474CS/ref=atv_br_def_r_br_c_lAPtVnsmr_1_616
616,All Or Nothing,https://www.primevideo.com/detail/0HX3YTEFNUITLVWZCV69KR5EPC/ref=atv_br_def_r_br_c_lAPtVnsmr_1_617
617,The Danny Thomas Show,https://www.primevideo.com/detail/0GM7Q4E5UAO44ZIZOXU47KDJQ8/ref=atv_br_def_r_br_c_lAPtVnsmr_1_618
618,The Adventures of Robin Hood,https://www.primevideo.com/detail/0OSC3EZKDCRKFE4CVFZWROXW3S/ref=atv_br_def_r_br_c_lAPtVnsmr_1_619
619,21 Jump Street,https://www.primevideo.com/detail/0KENVHPV4VP6H9HRMJT5IDXDJ0/ref=atv_br_def_r_br_c_lAPtVnsmr_1_620
620,Unsolved Mysteries: Original Robert Stack Episodes,https://www.primevideo.com/detail/0M6K5G7KN2BCMG9B6WL0R4BU7Z/ref=atv_br_def_r_br_c_lAPtVnsmr_1_621
621,ViVid Strike!,https://www.primevideo.com/detail/0KRDU08CL9ANWVQA0KP1547MOP/ref=atv_br_def_r_br_c_lAPtVnsmr_1_622
622,The Commish,https://www.primevideo.com/detail/0OBBV7H2C0RSWVVKY6JVNU461R/ref=atv_br_def_r_br_c_lAPtVnsmr_1_623
623,Alonzo Bodden: Heavy Lightweight,https://www.primevideo.com/detail/0I5OTXCFKOJMC0XHZ9DJW0FEZY/ref=atv_br_def_r_br_c_lAPtVnsmr_1_624
624,Peter Gunn,https://www.primevideo.com/detail/0TZW4P5KXEZC5JB5HXO76SCV2D/ref=atv_br_def_r_br_c_lAPtVnsmr_1_625
625,Tucker's Witch,https://www.primevideo.com/detail/0MNNCZXRBEQNJOL1OPRHSR9X78/ref=atv_br_def_r_br_c_lAPtVnsmr_1_626
626,Space Precinct: Complete Series,https://www.primevideo.com/detail/0G55XQ6H24OX596U8TMZR4JE1N/ref=atv_br_def_r_br_c_lAPtVnsmr_1_627
627,Rock of Love,https://www.primevideo.com/detail/0NQ0EK62QQGMQDJK5KCWAX00CK/ref=atv_br_def_r_br_c_lAPtVnsmr_1_628
628,Family Pictures,https://www.primevideo.com/detail/0JGIQ6ZBV7BJGZX3GR0O6CYR8D/ref=atv_br_def_r_br_c_lAPtVnsmr_1_629
629,The Real McCoys,https://www.primevideo.com/detail/0KVOASSAK080G94JLGP4SRHT2W/ref=atv_br_def_r_br_c_lAPtVnsmr_1_630
630,What The Constitution Means To Me,https://www.primevideo.com/detail/0JCCNCJCL2RFSOGXZZZRFC0Z0D/ref=atv_br_def_r_br_c_lAPtVnsmr_1_631
631,Stingray,https://www.primevideo.com/detail/0M2CFFY0QK3I4G1VGDVTZ51SJ4/ref=atv_br_def_r_br_c_lAPtVnsmr_1_632
632,Long Strange Trip,https://www.primevideo.com/detail/0OB9Z601HLR8I9QKMRRN7N0AW9/ref=atv_br_def_r_br_c_lAPtVnsmr_1_633
633,Rob Delaney: Jackie,https://www.primevideo.com/detail/0QBTHK61DMA4CWBZPJN39DPKZZ/ref=atv_br_def_r_br_c_lAPtVnsmr_1_634
634,The Magicians,https://www.primevideo.com/detail/0SP1LZUS0ALZEHSF78ILCA1PVQ/ref=atv_br_def_r_br_c_lAPtVnsmr_1_635
635,kemurikusa.,https://www.primevideo.com/detail/0JGK7LXE9B1592Q8ID68TFW4TG/ref=atv_br_def_r_br_c_lAPtVnsmr_1_636
636,Elephant Family and Me,https://www.primevideo.com/detail/0P9G1FREOZPGK1WBP5B2EBBKER/ref=atv_br_def_r_br_c_lAPtVnsmr_1_637
637,How to Stay Young: Series 2,https://www.primevideo.com/detail/0QX4DKXKLLUNAN8BV7OVYC21WP/ref=atv_br_def_r_br_c_lAPtVnsmr_1_638
638,The Ray Bradbury Theater,https://www.primevideo.com/detail/0IE5MK01VTIQ7S7UKZY3RGC16R/ref=atv_br_def_r_br_c_lAPtVnsmr_1_639
639,Air Ambulance ER,https://www.primevideo.com/detail/0QX38NV4GIEJD1YDAXVLKQV178/ref=atv_br_def_r_br_c_lAPtVnsmr_1_640
640,The Path,https://www.primevideo.com/detail/0LGZTWZ85XPWQJWVB3WEOBJW5G/ref=atv_br_def_r_br_c_lAPtVnsmr_1_641
641,Tom Gleeson: Joy,https://www.primevideo.com/detail/0N0H4OED4SGH0DWIYCOQRQGCDX/ref=atv_br_def_r_br_c_lAPtVnsmr_1_642
642,Lano & Woodley: Fly,https://www.primevideo.com/detail/0OFMKASHGKU72IMM8PIPEUOR73/ref=atv_br_def_r_br_c_lAPtVnsmr_1_643
643,Queen Sugar,https://www.primevideo.com/detail/0KACOAFOCYYV6BJQKBDPVRT9AU/ref=atv_br_def_r_br_c_lAPtVnsmr_1_644
644,Changing Seas,https://www.primevideo.com/detail/0QBRPNQBFRW6QU94ALYX3Z2DA9/ref=atv_br_def_r_br_c_lAPtVnsmr_1_645
645,Water Rats,https://www.primevideo.com/detail/0M2BOUDVZV7L14OYTUOK2VYKBR/ref=atv_br_def_r_br_c_lAPtVnsmr_1_646
646,Gadget Guru,https://www.primevideo.com/detail/0S3NUB3X27RUBGZTFOAR2A6I8J/ref=atv_br_def_r_br_c_lAPtVnsmr_1_647
647,HITOSHI MATSUMOTO Presents Documental,https://www.primevideo.com/detail/0QG13SN889D6WDN0GNNCECXJ78/ref=atv_br_def_r_br_c_lAPtVnsmr_1_648
648,Tom Walker: Very Very,https://www.primevideo.com/detail/0KVQZCGE6DRYEW3TK17511XZKT/ref=atv_br_def_r_br_c_lAPtVnsmr_1_649
649,The Greatest American Hero,https://www.primevideo.com/detail/0QSUDVKDE2A9UMKCVRMSFRK5Y6/ref=atv_br_def_r_br_c_lAPtVnsmr_1_650
650,The Lives of the Saints,https://www.primevideo.com/detail/0QKAVQVY17JMP34IHMQH3BQQDE/ref=atv_br_def_r_br_c_lAPtVnsmr_1_651
651,Action Sports World,https://www.primevideo.com/detail/0GM8AIRDXDYQBSFFKYKPV490F4/ref=atv_br_def_r_br_c_lAPtVnsmr_1_652
652,Pan y Circo,https://www.primevideo.com/detail/0MRYHB8YSQ3YUWOR7F04N5LRQI/ref=atv_br_def_r_br_c_lAPtVnsmr_1_653
653,Renegade,https://www.primevideo.com/detail/0JKTS0QKO7E1KS9Z1OGO43FFKS/ref=atv_br_def_r_br_c_lAPtVnsmr_1_654
654,Flo and Joan: Alive on Stage,https://www.primevideo.com/detail/0SC9TFGNASV2QB6N1UQYGO9TAC/ref=atv_br_def_r_br_c_lAPtVnsmr_1_655
655,De Viaje Con Los Derbez,https://www.primevideo.com/detail/0SXL8IDDCBQA0WFR6DSLFP07IG/ref=atv_br_def_r_br_c_lAPtVnsmr_1_656
656,True Story Avec,https://www.primevideo.com/detail/0KRHQEWXLSX0MOC617EX19IUJA/ref=atv_br_def_r_br_c_lAPtVnsmr_1_657
657,Which Way To,https://www.primevideo.com/detail/0HKCZBKK5HPIBUFWXPMWGA3NI4/ref=atv_br_def_r_br_c_lAPtVnsmr_1_658
658,Cell Guru,https://www.primevideo.com/detail/0NPYBRGGNKWCEZPEGLPF286O1M/ref=atv_br_def_r_br_c_lAPtVnsmr_1_659
659,Kommune presents The Storytellers,https://www.primevideo.com/detail/0JTAAREZD9IFGO2JCZRA0BANKZ/ref=atv_br_def_r_br_c_lAPtVnsmr_1_660
660,Flavor of Love,https://www.primevideo.com/detail/0JP1Y3UMCJL71IU21RA19LSPUO/ref=atv_br_def_r_br_c_lAPtVnsmr_1_661
661,Mike E. Winfield: StepMan,https://www.primevideo.com/detail/0RE6515K9OUR26TYP1HNZGFAMD/ref=atv_br_def_r_br_c_lAPtVnsmr_1_662
662,El Bulli: The story of a dream,https://www.primevideo.com/detail/0KIWQSGK9AE2AXB6ADE99XKYYJ/ref=atv_br_def_r_br_c_lAPtVnsmr_1_663
663,Into The Drink,https://www.primevideo.com/detail/0KN63EEOYZE9IZGODAL0HJDNXC/ref=atv_br_def_r_br_c_lAPtVnsmr_1_664
664,Black Harbour,https://www.primevideo.com/detail/0RV5UTS4IMTLYLRMC48VAMKLFY/ref=atv_br_def_r_br_c_lAPtVnsmr_1_665
665,Meerkat Manor,https://www.primevideo.com/detail/0Q7ICHBMU7M4BFWK2EUSZEB09L/ref=atv_br_def_r_br_c_lAPtVnsmr_1_666
666,Ed Gamble: Blood Sugar,https://www.primevideo.com/detail/0SC9TFDHACJ9AV0OWGBB6IM0TW/ref=atv_br_def_r_br_c_lAPtVnsmr_1_667
667,The World of Stonehenge,https://www.primevideo.com/detail/0OWKQG332TRA23WJK69W7F183U/ref=atv_br_def_r_br_c_lAPtVnsmr_1_668
668,IMDb at the Oscars,https://www.primevideo.com/detail/0FJWENLNIWHVXP9GZRVAJU197S/ref=atv_br_def_r_br_c_lAPtVnsmr_1_669
669,Peep Time,https://www.primevideo.com/detail/0PM9JT6O34RS62GGW3UUIDYXXI/ref=atv_br_def_r_br_c_lAPtVnsmr_1_670
670,SNG: Don't Come Last,https://www.primevideo.com/detail/0G9EZ4EUQA0DPH660Z0LYDG0C6/ref=atv_br_def_r_br_c_lAPtVnsmr_1_671
671,Campo de estrellas,https://www.primevideo.com/detail/0N8XVJM8YH8L5FG5UK9OHLVVGQ/ref=atv_br_def_r_br_c_lAPtVnsmr_1_672
672,Silver and Gold,https://www.primevideo.com/detail/0FFL71CDQTCIW78LA84K2QH624/ref=atv_br_def_r_br_c_lAPtVnsmr_1_673
673,Neon Rider,https://www.primevideo.com/detail/0NHGETNYGQJ5JRFGQ86V9KIKGV/ref=atv_br_def_r_br_c_lAPtVnsmr_1_674
674,Sports Adventure,https://www.primevideo.com/detail/0K63VEP1IRX6RE3FGGMT2NJREY/ref=atv_br_def_r_br_c_lAPtVnsmr_1_675
675,SENTOSHA: Battle Wheels,https://www.primevideo.com/detail/0IZI1TDS8EIE9PCFIAGPVL5WW0/ref=atv_br_def_r_br_c_lAPtVnsmr_1_676
676,Your Brush With Nature,https://www.primevideo.com/detail/0T63UTXKVA7HBQL71KQWPGOT0S/ref=atv_br_def_r_br_c_lAPtVnsmr_1_677
677,Modern Hero: The Series,https://www.primevideo.com/detail/0OO4CJHR5W0O4OS40PX5CS616F/ref=atv_br_def_r_br_c_lAPtVnsmr_1_678
678,Trabant Trek,https://www.primevideo.com/detail/0K64DZ2FSLBXQMJIK0O1M9EA1X/ref=atv_br_def_r_br_c_lAPtVnsmr_1_679
679,Teen Wolf,https://www.primevideo.com/detail/0L8GJLXCVYYOPR4TII1IWEQRPJ/ref=atv_br_def_r_br_c_lAPtVnsmr_1_680
680,LOL: Last One Laughing,https://www.primevideo.com/detail/0JCANTUXPN0QSY7W1AAXHV624K/ref=atv_br_def_r_br_c_lAPtVnsmr_1_681
681,"Luis, el sabio del éxito",https://www.primevideo.com/detail/0RE5HBWRNURTLW9RIUHN3SGZP0/ref=atv_br_def_r_br_c_lAPtVnsmr_1_682
682,Free Meek,https://www.primevideo.com/detail/0TVOO0YKKIGHKVJMF5TOU18CAZ/ref=atv_br_def_r_br_c_lAPtVnsmr_1_683
683,Chris Tall Presents...,https://www.primevideo.com/detail/0NQ17NEZ97RA71DFTVAYD971MS/ref=atv_br_def_r_br_c_lAPtVnsmr_1_684
684,Richard Wilson On The Road,https://www.primevideo.com/detail/0PZ14OALFYY5TZQ15ZMVLCO56X/ref=atv_br_def_r_br_c_lAPtVnsmr_1_685
685,Nomads Seeking Adventure,https://www.primevideo.com/detail/0SGI8B7XJ4YZY84C4B8KU6MMLV/ref=atv_br_def_r_br_c_lAPtVnsmr_1_686
686,Uchimura Summers,https://www.primevideo.com/detail/0NHG7YL6XQU1KZUA5E5ZXX50E3/ref=atv_br_def_r_br_c_lAPtVnsmr_1_687
687,Short Poppies,https://www.primevideo.com/detail/0KIVNIA1FGD1NLO24X1YHEZFCG/ref=atv_br_def_r_br_c_lAPtVnsmr_1_688
688,All About Ads,https://www.primevideo.com/detail/0JP0VTFWVDDYMHYODGXE4YOU6L/ref=atv_br_def_r_br_c_lAPtVnsmr_1_689
689,Money Hungry,https://www.primevideo.com/detail/0OSDBX59TUSHNTPKVTXDQYYYDM/ref=atv_br_def_r_br_c_lAPtVnsmr_1_690
690,Babe Winkelman Outdoor Secrets,https://www.primevideo.com/detail/0TZWFZUK59S88NUN6JD3XCRYSD/ref=atv_br_def_r_br_c_lAPtVnsmr_1_691
691,La La's Full Court Life,https://www.primevideo.com/detail/0G57E8EYNV2TRM54FGYJMAVESP/ref=atv_br_def_r_br_c_lAPtVnsmr_1_692
692,Babe Winkelman Good Fishing,https://www.primevideo.com/detail/0PM6P19G5NQE1WODRH5160E788/ref=atv_br_def_r_br_c_lAPtVnsmr_1_693
693,The 2018 Rose Parade Hosted by Cord & Tish [UHD],https://www.primevideo.com/detail/0U8FAI3R2QJ5TG0H9XM0Z9GGUM/ref=atv_br_def_r_br_c_lAPtVnsmr_1_694
694,The Incredible Mr Goodwin,https://www.primevideo.com/detail/0LTTWUCAJXSPP0B7VLIQOMJCCF/ref=atv_br_def_r_br_c_lAPtVnsmr_1_695
695,Rhett & Link: Commercial Kings,https://www.primevideo.com/detail/0KENYS5DCE2CK7HHZF69MGO6N9/ref=atv_br_def_r_br_c_lAPtVnsmr_1_696
696,Legacies,https://www.primevideo.com/detail/0GUUHL5C0YIMXD8P7XLYWFS3OC/ref=atv_br_def_r_br_c_lAPtVnsmr_1_697
697,The Family Man,https://www.primevideo.com/detail/0H3DDB4KBJFNDCKKLHNRLRLVKQ/ref=atv_br_def_r_br_c_lAPtVnsmr_1_698
698,3 Caminos,https://www.primevideo.com/detail/0N4RF8LPXP72RZ9OKQO9O9ET5F/ref=atv_br_def_r_br_c_lAPtVnsmr_1_699
699,Star Trek: Lower Decks,https://www.primevideo.com/detail/0O2UVSXHORJHK407NXYDN6037J/ref=atv_br_def_r_br_c_lAPtVnsmr_1_700
